{
    "client": {
        "kind": "mturk",
        "workerId": "A10AVWALIHR4UQ",
        "assignmentId": "3NS0A6KXC48BOJFPDXZJN7L0OBXZGE",
        "turkSubmitTo": "https:\/\/www.mturk.com\/mturk\/externalSubmit"
    },
    "config": {
        "minOppLambda": -0.25,
        "maxOppLambda": 0.25
    },
    "trials": [
        {
            "kind": "normal",
            "trialNumber": 1,
            "oppReceiver": "opp",
            "selfConfig": {
                "scale": 0.13457228221170545,
                "vertexSelf": 0.7843903844908617,
                "vertexOpp": 0.40277503897441225
            },
            "selfLambda": 2.534820567144777,
            "oppConfig": {
                "scale": 0.25968317766337545,
                "vertexSelf": 0.8778428274069238,
                "vertexOpp": 0.4625139946753781
            },
            "oppLambda": 0.23886440718506236,
            "actTime": 11.352,
            "reviewTime": 24.582
        },
        {
            "kind": "normal",
            "trialNumber": 2,
            "oppReceiver": "opp",
            "selfConfig": {
                "scale": 0.4316055952834076,
                "vertexSelf": 0.7180927357422033,
                "vertexOpp": 0.47500294282050515
            },
            "selfLambda": 0.4402030845643526,
            "oppConfig": {
                "scale": 0.18084018597112697,
                "vertexSelf": 0.22034091531721997,
                "vertexOpp": 0.7737329620346055
            },
            "oppLambda": -0.23519774009019123,
            "actTime": 18.411,
            "reviewTime": 9.958
        },
        {
            "kind": "normal",
            "trialNumber": 3,
            "oppReceiver": "self",
            "selfConfig": {
                "scale": 0.40512976983422233,
                "vertexSelf": 0.9545338383105182,
                "vertexOpp": 0.45155600825984565
            },
            "selfLambda": 1.3087690816466209,
            "oppConfig": {
                "scale": 0.4519062291973982,
                "vertexSelf": 0.6098993376958468,
                "vertexOpp": 0.5421352618353359
            },
            "oppLambda": 1.0601283060957005,
            "actTime": 11.802,
            "reviewTime": 10.535
        },
        {
            "kind": "normal",
            "trialNumber": 4,
            "oppReceiver": "opp",
            "selfConfig": {
                "scale": 0.48409669483259943,
                "vertexSelf": 0.5415444639556022,
                "vertexOpp": 0.5114600090406901
            },
            "selfLambda": 0.1592243507162843,
            "oppConfig": {
                "scale": 0.391362799499257,
                "vertexSelf": 0.6127920203323691,
                "vertexOpp": 0.414200763934063
            },
            "oppLambda": -0.04759844273265168,
            "actTime": 16.417,
            "reviewTime": 14.828
        },
        {
            "kind": "normal",
            "trialNumber": 5,
            "oppReceiver": "opp",
            "selfConfig": {
                "scale": 0.2108596821198664,
                "vertexSelf": 0.946410867298136,
                "vertexOpp": 0.6464661460616921
            },
            "selfLambda": 1.582732038614979,
            "oppConfig": {
                "scale": 0.2853429419880068,
                "vertexSelf": 0.37761726910972593,
                "vertexOpp": 0.4798731545889676
            },
            "oppLambda": 0.23613266215325884,
            "actTime": 10.184,
            "reviewTime": 15.339
        },
        {
            "kind": "memory",
            "trialNumber": 5,
            "selfLambda": 1.6143486407062069,
            "oppLambda": 0.2111623662469888
        },
        {
            "kind": "normal",
            "trialNumber": 6,
            "oppReceiver": "opp",
            "selfConfig": {
                "scale": 0.24548838113770546,
                "vertexSelf": 0.5329958755598702,
                "vertexOpp": 0.504605474393227
            },
            "selfLambda": 0.17973308692817114,
            "oppConfig": {
                "scale": 0.37344906170308323,
                "vertexSelf": 0.7205054046447507,
                "vertexOpp": 0.47559588039916856
            },
            "oppLambda": -0.15065218357668114,
            "actTime": 5.266,
            "reviewTime": 8.51
        },
        {
            "kind": "normal",
            "trialNumber": 7,
            "oppReceiver": "opp",
            "selfConfig": {
                "scale": 0.39828585415776485,
                "vertexSelf": 0.4019291100971904,
                "vertexOpp": 0.5022457752526238
            },
            "selfLambda": 0.7252122560036305,
            "oppConfig": {
                "scale": 0.19271884533009465,
                "vertexSelf": 0.22263697576901836,
                "vertexOpp": 0.45182274329968725
            },
            "oppLambda": -0.020220531493801985,
            "actTime": 15.354,
            "reviewTime": 10.3
        },
        {
            "kind": "normal",
            "trialNumber": 8,
            "oppReceiver": "opp",
            "selfConfig": {
                "scale": 0.37070504147803274,
                "vertexSelf": 0.5326743045532625,
                "vertexOpp": 0.43935788672032516
            },
            "selfLambda": 0.6328955197297632,
            "oppConfig": {
                "scale": 0.14711509229947609,
                "vertexSelf": 0.17787560995432744,
                "vertexOpp": 0.6889106155027326
            },
            "oppLambda": -0.22950380497984646,
            "actTime": 14.6,
            "reviewTime": 4.83
        },
        {
            "kind": "normal",
            "trialNumber": 9,
            "oppReceiver": "discard",
            "selfConfig": {
                "scale": 0.4157718409131185,
                "vertexSelf": 0.49335778431983596,
                "vertexOpp": 0.5522770111589952
            },
            "selfLambda": -0.07509091745148067,
            "oppConfig": {
                "scale": 0.16442567890635457,
                "vertexSelf": 0.3951743926149122,
                "vertexOpp": 0.3504323118767162
            },
            "oppLambda": 0.012857915141662013,
            "actTime": 9.459,
            "reviewTime": 1.35
        },
        {
            "kind": "normal",
            "trialNumber": 10,
            "oppReceiver": "opp",
            "selfConfig": {
                "scale": 0.40717465395420105,
                "vertexSelf": 0.8424537930617497,
                "vertexOpp": 0.5102713912220729
            },
            "selfLambda": 1.062911324873055,
            "oppConfig": {
                "scale": 0.4633408389252851,
                "vertexSelf": 0.6031557713578174,
                "vertexOpp": 0.4768334085773891
            },
            "oppLambda": -0.13264423376829698,
            "actTime": 8.609,
            "reviewTime": 3.09
        },
        {
            "kind": "normal",
            "trialNumber": 11,
            "oppReceiver": "opp",
            "selfConfig": {
                "scale": 0.23264070100739814,
                "vertexSelf": 0.9461864642172888,
                "vertexOpp": 0.4936410122451013
            },
            "selfLambda": -0.11727107239646378,
            "oppConfig": {
                "scale": 0.3510315695115216,
                "vertexSelf": 0.9756423484902389,
                "vertexOpp": 0.5580448696808475
            },
            "oppLambda": -0.15324189301779834,
            "actTime": 23.533,
            "reviewTime": 7.808
        },
        {
            "kind": "normal",
            "trialNumber": 12,
            "oppReceiver": "opp",
            "selfConfig": {
                "scale": 0.4705644389255311,
                "vertexSelf": 0.6147274920714758,
                "vertexOpp": 0.523524988503096
            },
            "selfLambda": 0.3250352350106356,
            "oppConfig": {
                "scale": 0.17416538239017912,