{
    "client": {
        "kind": "mturk",
        "workerId": "A1IF62ZKOVHCLO",
        "assignmentId": "3IOEN3P9S7JCWU5BT9H5JMOZHII61V",
        "turkSubmitTo": "https:\/\/www.mturk.com\/mturk\/externalSubmit"
    },
    "config": {
        "minOppLambda": -0.25,
        "maxOppLambda": 0.25
    },
    "trials": [
        {
            "kind": "normal",
            "trialNumber": 1,
            "oppReceiver": "opp",
            "selfConfig": {
                "scale": 0.4069936726281391,
                "vertexSelf": 0.866303613546058,
                "vertexOpp": 0.5820451673672119
            },
            "selfLambda": -2.287585563662713,
            "oppConfig": {
                "scale": 0.38063726493287986,
                "vertexSelf": 0.5572865805512472,
                "vertexOpp": 0.5177996906701745
            },
            "oppLambda": -0.2016844324214272,
            "actTime": 13.828,
            "reviewTime": 1.382
        },
        {
            "kind": "normal",
            "trialNumber": 2,
            "oppReceiver": "opp",
            "selfConfig": {
                "scale": 0.4945826725902849,
                "vertexSelf": 0.8549576354901425,
                "vertexOpp": 0.5041947752020899
            },
            "selfLambda": -1.600152531930218,
            "oppConfig": {
                "scale": 0.4951797670729915,
                "vertexSelf": 0.6038173469511106,
                "vertexOpp": 0.4990939384816051
            },
            "oppLambda": 0.04567233784330893,
            "actTime": 11.097,
            "reviewTime": 1.426
        },
        {
            "kind": "normal",
            "trialNumber": 3,
            "oppReceiver": "self",
            "selfConfig": {
                "scale": 0.3471822457096103,
                "vertexSelf": 0.6493707659841825,
                "vertexOpp": 0.49732469709372445
            },
            "selfLambda": 0.21412931567223334,
            "oppConfig": {
                "scale": 0.46301138174235845,
                "vertexSelf": 0.8483602211787256,
                "vertexOpp": 0.4997061138114354
            },
            "oppLambda": 1.1869361563140823,
            "actTime": 10.401,
            "reviewTime": 3.733
        },
        {
            "kind": "normal",
            "trialNumber": 4,
            "oppReceiver": "opp",
            "selfConfig": {
                "scale": 0.4713849221255867,
                "vertexSelf": 0.9167281041810714,
                "vertexOpp": 0.4843066353409351
            },
            "selfLambda": -0.48616915067382066,
            "oppConfig": {
                "scale": 0.3121040206014559,
                "vertexSelf": 0.42280345823491516,
                "vertexOpp": 0.5865674141172945
            },
            "oppLambda": 0.04981897890592063,
            "actTime": 8.625,
            "reviewTime": 6.418
        },
        {
            "kind": "normal",
            "trialNumber": 5,
            "oppReceiver": "opp",
            "selfConfig": {
                "scale": 0.2066138441939132,
                "vertexSelf": 0.21923249019914945,
                "vertexOpp": 0.45437966011672326
            },
            "selfLambda": -1.8309630208681096,
            "oppConfig": {
                "scale": 0.30623623077494144,
                "vertexSelf": 0.4051421042937237,
                "vertexOpp": 0.4723699138476818
            },
            "oppLambda": -0.026525333302945264,
            "actTime": 14.969,
            "reviewTime": 13.585
        },
        {
            "kind": "memory",
            "trialNumber": 5,
            "selfLambda": -1.9703639680391876,
            "oppLambda": 2.300410811509011
        },
        {
            "kind": "normal",
            "trialNumber": 6,
            "oppReceiver": "opp",
            "selfConfig": {
                "scale": 0.15081072408989848,
                "vertexSelf": 0.2929403247195209,
                "vertexOpp": 0.2617973789586227
            },
            "selfLambda": -0.007795009727958578,
            "oppConfig": {
                "scale": 0.1622313610328935,
                "vertexSelf": 0.6958462483338476,
                "vertexOpp": 0.6814227668288289
            },
            "oppLambda": -0.1868911931542887,
            "actTime": 8.74,
            "reviewTime": 1.409
        },
        {
            "kind": "normal",
            "trialNumber": 7,
            "oppReceiver": "opp",
            "selfConfig": {
                "scale": 0.4996847114837577,
                "vertexSelf": 0.7980322233659849,
                "vertexOpp": 0.5000348458658832
            },
            "selfLambda": -1.6475928990755475,
            "oppConfig": {
                "scale": 0.3623094892263624,
                "vertexSelf": 0.3637568538231465,
                "vertexOpp": 0.5418464321746221
            },
            "oppLambda": 0.12603549345883458,
            "actTime": 6.115,
            "reviewTime": 1.272
        },
        {
            "kind": "normal",
            "trialNumber": 8,
            "oppReceiver": "opp",
            "selfConfig": {
                "scale": 0.3274230882934897,
                "vertexSelf": 0.6386561893740781,
                "vertexOpp": 0.34649431641897527
            },
            "selfLambda": -1.1980810975314304,
            "oppConfig": {
                "scale": 0.276401260220786,
                "vertexSelf": 0.9805116375487406,
                "vertexOpp": 0.7204949451108966
            },
            "oppLambda": 0.057908978640591136,
            "actTime": 5.267,
            "reviewTime": 1.379
        },
        {
            "kind": "normal",
            "trialNumber": 9,
            "oppReceiver": "discard",
            "selfConfig": {
                "scale": 0.12092278621526319,
                "vertexSelf": 0.7315792838362546,
                "vertexOpp": 0.328304124056432
            },
            "selfLambda": 0.24740229297160715,
            "oppConfig": {
                "scale": 0.28510768148833654,
                "vertexSelf": 0.44429547454275276,
                "vertexOpp": 0.44671299199585557
            },
            "oppLambda": -0.02132474470017716,
            "actTime": 9.731,
            "reviewTime": 2.622
        },
        {
            "kind": "normal",
            "trialNumber": 10,
            "oppReceiver": "opp",
            "selfConfig": {
                "scale": 0.27093050055217516,
                "vertexSelf": 0.8008161440884728,
                "vertexOpp": 0.6770376521786953
            },
            "selfLambda": 0.02815047876352016,
            "oppConfig": {
                "scale": 0.35585008280314145,
                "vertexSelf": 0.41072210778797735,
                "vertexOpp": 0.5200551133614155
            },
            "oppLambda": 0.028734411964500106,
            "actTime": 9.084,
            "reviewTime": 11.453
        },
        {
            "kind": "normal",
            "trialNumber": 11,
            "oppReceiver": "opp",
            "selfConfig": {
                "scale": 0.10092556164101728,
                "vertexSelf": 0.6663848141067679,
                "vertexOpp": 0.25531792385463953
            },
            "selfLambda": -0.0889863898456805,
            "oppConfig": {
                "scale": 0.34120603906015723,
                "vertexSelf": 0.5895546862096832,
                "vertexOpp": 0.3440998270192317
            },
            "oppLambda": -0.24511143427458965,
            "actTime": 7.165,
            "reviewTime": 1.636
        },
        {
            "kind": "normal",
            "trialNumber": 12,
            "oppReceiver": "opp",
            "selfConfig": {
                "scale": 0.31354462173932407,
                "vertexSelf": 0.8314998379796098,
                "vertexOpp": 0.4708795658065177
            },
            "selfLambda": -0.07060361004200731,
            "oppConfig": {
                "scale": 0.4692103777460358,