{
    "client": {
        "kind": "mturk",
        "workerId": "A2R7PDGVB16KGY",
        "assignmentId": "30LB5CDZNCAEDF44ZVAG2FYKHU90ZD",
        "turkSubmitTo": "https:\/\/www.mturk.com\/mturk\/externalSubmit"
    },
    "config": {
        "minOppLambda": -0.25,
        "maxOppLambda": 0.25
    },
    "trials": [
        {
            "kind": "normal",
            "trialNumber": 1,
            "oppReceiver": "opp",
            "selfConfig": {
                "scale": 0.42139128880761,
                "vertexSelf": 0.893302101705719,
                "vertexOpp": 0.5658987493480183
            },
            "selfLambda": -0.4076911489607759,
            "oppConfig": {
                "scale": 0.41108908590390925,
                "vertexSelf": 0.49489511857374713,
                "vertexOpp": 0.5831718079559558
            },
            "oppLambda": -0.03604937279831333,
            "actTime": 2.96,
            "reviewTime": 1.358
        },
        {
            "kind": "normal",
            "trialNumber": 2,
            "oppReceiver": "opp",
            "selfConfig": {
                "scale": 0.3898979434216494,
                "vertexSelf": 0.4538908106259482,
                "vertexOpp": 0.5611910277589385
            },
            "selfLambda": -1.1004128886121236,
            "oppConfig": {
                "scale": 0.24728024075206145,
                "vertexSelf": 0.8958299221762124,
                "vertexOpp": 0.724365286722642
            },
            "oppLambda": 0.18241780631439453,
            "actTime": 13.806,
            "reviewTime": 1.164
        },
        {
            "kind": "normal",
            "trialNumber": 3,
            "oppReceiver": "self",
            "selfConfig": {
                "scale": 0.4732190430939245,
                "vertexSelf": 0.7115278904472485,
                "vertexOpp": 0.48972133275351853
            },
            "selfLambda": 0.38155128608618954,
            "oppConfig": {
                "scale": 0.28503047441745843,
                "vertexSelf": 0.978632991150866,
                "vertexOpp": 0.35966350057322505
            },
            "oppLambda": 0.8800568534221187,
            "actTime": 12.473,
            "reviewTime": 1.46
        },
        {
            "kind": "normal",
            "trialNumber": 4,
            "oppReceiver": "opp",
            "selfConfig": {
                "scale": 0.3902931712027793,
                "vertexSelf": 0.6822840891376669,
                "vertexOpp": 0.5186642226193829
            },
            "selfLambda": 0.9804720732928597,
            "oppConfig": {
                "scale": 0.22364464417670754,
                "vertexSelf": 0.9342120943442884,
                "vertexOpp": 0.4699371571689832
            },
            "oppLambda": 0.02285498844690126,
            "actTime": 16.713,
            "reviewTime": 1.563
        },
        {
            "kind": "normal",
            "trialNumber": 5,
            "oppReceiver": "opp",
            "selfConfig": {
                "scale": 0.1286540809964527,
                "vertexSelf": 0.9732543636502556,
                "vertexOpp": 0.8325915207267635
            },
            "selfLambda": -4.2375884016346035,
            "oppConfig": {
                "scale": 0.4222635635637214,
                "vertexSelf": 0.8814043593071281,
                "vertexOpp": 0.5016215700065321
            },
            "oppLambda": 0.11219048142963495,
            "actTime": 2.599,
            "reviewTime": 1.862
        },
        {
            "kind": "memory",
            "trialNumber": 5,
            "selfLambda": -3.408491758601511,
            "oppLambda": 1.2553538573078338
        },
        {
            "kind": "normal",
            "trialNumber": 6,
            "oppReceiver": "opp",
            "selfConfig": {
                "scale": 0.4883292786377088,
                "vertexSelf": 0.9408962738075355,
                "vertexOpp": 0.506060702376002
            },
            "selfLambda": 1.0809890341218489,
            "oppConfig": {
                "scale": 0.20830504396420083,
                "vertexSelf": 0.93478261915946,
                "vertexOpp": 0.733957539316758
            },
            "oppLambda": -0.17559575048566956,
            "actTime": 2.447,
            "reviewTime": 3.338
        },
        {
            "kind": "normal",
            "trialNumber": 7,
            "oppReceiver": "opp",
            "selfConfig": {
                "scale": 0.19826754786450512,
                "vertexSelf": 0.2877602177727931,
                "vertexOpp": 0.20283321448332017
            },
            "selfLambda": 0.5094138641844185,
            "oppConfig": {
                "scale": 0.29250885961235423,
                "vertexSelf": 0.6807754341060601,
                "vertexOpp": 0.35487134835146317
            },
            "oppLambda": -0.07154274327716115,
            "actTime": 6.736,
            "reviewTime": 1.107
        },
        {
            "kind": "normal",
            "trialNumber": 8,
            "oppReceiver": "opp",
            "selfConfig": {
                "scale": 0.28111046429129427,
                "vertexSelf": 0.5782568062023647,
                "vertexOpp": 0.5639978340248368
            },
            "selfLambda": -1.2142166327515755,
            "oppConfig": {
                "scale": 0.4582014638027553,
                "vertexSelf": 0.9973388527618433,
                "vertexOpp": 0.5388352898583508
            },
            "oppLambda": 0.15654980215697734,
            "actTime": 4.384,
            "reviewTime": 45.741
        },
        {
            "kind": "normal",
            "trialNumber": 9,
            "oppReceiver": "discard",
            "selfConfig": {
                "scale": 0.13605731672626603,
                "vertexSelf": 0.3147498925532508,
                "vertexOpp": 0.5389155020854919
            },
            "selfLambda": -0.3270509216874773,
            "oppConfig": {
                "scale": 0.23726334246286998,
                "vertexSelf": 0.7090274415709942,
                "vertexOpp": 0.6322357252762113
            },
            "oppLambda": 0.06561714355566589,
            "actTime": 4.076,
            "reviewTime": 1.413
        },
        {
            "kind": "normal",
            "trialNumber": 10,
            "oppReceiver": "opp",
            "selfConfig": {
                "scale": 0.24202234701719477,
                "vertexSelf": 0.707175106726413,
                "vertexOpp": 0.5248316121786565
            },
            "selfLambda": 1.1720822993087767,
            "oppConfig": {
                "scale": 0.13414306725752667,
                "vertexSelf": 0.5833100374870712,
                "vertexOpp": 0.6112588702620801
            },
            "oppLambda": 0.182602524611861,
            "actTime": 2.474,
            "reviewTime": 1.968
        },
        {
            "kind": "normal",
            "trialNumber": 11,
            "oppReceiver": "opp",
            "selfConfig": {
                "scale": 0.22647085840527323,
                "vertexSelf": 0.4512356714587665,
                "vertexOpp": 0.7530957604555945
            },
            "selfLambda": -0.1450879279092733,
            "oppConfig": {
                "scale": 0.25632805081432136,
                "vertexSelf": 0.4137530591988644,
                "vertexOpp": 0.5926632760274526
            },
            "oppLambda": -0.21853699755741207,
            "actTime": 2.559,
            "reviewTime": 1.419
        },
        {
            "kind": "normal",
            "trialNumber": 12,
            "oppReceiver": "opp",
            "selfConfig": {
                "scale": 0.10503815970945736,
                "vertexSelf": 0.4693291507094795,
                "vertexOpp": 0.7992273287195825
            },
            "selfLambda": 0.7763401680531642,
            "oppConfig": {
                "scale": 0.4812731388196194,