{
    "client": {
        "kind": "mturk",
        "workerId": "AMU3OP9YF0FMA",
        "assignmentId": "3EF8EXOTT1VOKPKIDSBUSQT43O21JW",
        "turkSubmitTo": "https:\/\/www.mturk.com\/mturk\/externalSubmit"
    },
    "config": {
        "minOppLambda": -0.25,
        "maxOppLambda": 0.25
    },
    "trials": [
        {
            "kind": "normal",
            "trialNumber": 1,
            "oppReceiver": "opp",
            "selfConfig": {
                "scale": 0.35413233329224336,
                "vertexSelf": 0.99470049013966,
                "vertexOpp": 0.6057513148970799
            },
            "selfLambda": -0.12660793413204866,
            "oppConfig": {
                "scale": 0.1313876251202186,
                "vertexSelf": 0.813045151948651,
                "vertexOpp": 0.20043009866384415
            },
            "oppLambda": -0.2108443319889911,
            "actTime": 11.049,
            "reviewTime": 1.809
        },
        {
            "kind": "normal",
            "trialNumber": 2,
            "oppReceiver": "opp",
            "selfConfig": {
                "scale": 0.24140277713619876,
                "vertexSelf": 0.3566104132298373,
                "vertexOpp": 0.24681914502558025
            },
            "selfLambda": -0.02887963207051441,
            "oppConfig": {
                "scale": 0.4644492532024386,
                "vertexSelf": 0.5329145169505083,
                "vertexOpp": 0.5026822107280783
            },
            "oppLambda": -0.0881015071732908,
            "actTime": 4.221,
            "reviewTime": 0.76
        },
        {
            "kind": "normal",
            "trialNumber": 3,
            "oppReceiver": "self",
            "selfConfig": {
                "scale": 0.26091945515659704,
                "vertexSelf": 0.951874012321174,
                "vertexOpp": 0.6915659858029886
            },
            "selfLambda": 0.24350309570651904,
            "oppConfig": {
                "scale": 0.29418461129245294,
                "vertexSelf": 0.49696585600756926,
                "vertexOpp": 0.3352000059974028
            },
            "oppLambda": 1.067248200444209,
            "actTime": 4.627,
            "reviewTime": 1.542
        },
        {
            "kind": "normal",
            "trialNumber": 4,
            "oppReceiver": "opp",
            "selfConfig": {
                "scale": 0.3165785866777558,
                "vertexSelf": 0.9867777541418647,
                "vertexOpp": 0.36524646965142105
            },
            "selfLambda": -0.012086327999404959,
            "oppConfig": {
                "scale": 0.13079601370404498,
                "vertexSelf": 0.7566210994808038,
                "vertexOpp": 0.8193102449081309
            },
            "oppLambda": 0.17990562575751223,
            "actTime": 3.794,
            "reviewTime": 1.043
        },
        {
            "kind": "normal",
            "trialNumber": 5,
            "oppReceiver": "opp",
            "selfConfig": {
                "scale": 0.4537815589946236,
                "vertexSelf": 0.6509280021361185,
                "vertexOpp": 0.4651252881591077
            },
            "selfLambda": -0.037280587211087686,
            "oppConfig": {
                "scale": 0.123487057542392,
                "vertexSelf": 0.14308576264602493,
                "vertexOpp": 0.8499506844201652
            },
            "oppLambda": 0.011281577528210907,
            "actTime": 8.909,
            "reviewTime": 3.62
        },
        {
            "kind": "memory",
            "trialNumber": 5,
            "selfLambda": -0.007897874165467247,
            "oppLambda": -0.10717481197671481
        },
        {
            "kind": "normal",
            "trialNumber": 6,
            "oppReceiver": "opp",
            "selfConfig": {
                "scale": 0.2455012223910571,
                "vertexSelf": 0.3548962281337019,
                "vertexOpp": 0.5119261104459774
            },
            "selfLambda": 0.09293006997077578,
            "oppConfig": {
                "scale": 0.4744967608336158,
                "vertexSelf": 0.8736605028572931,
                "vertexOpp": 0.49497058515968917
            },
            "oppLambda": 0.10742748232540666,
            "actTime": 4.099,
            "reviewTime": 0.782
        },
        {
            "kind": "normal",
            "trialNumber": 7,
            "oppReceiver": "opp",
            "selfConfig": {
                "scale": 0.13911843933722334,
                "vertexSelf": 0.22789625193848106,
                "vertexOpp": 0.8110866920800542
            },
            "selfLambda": -0.015622545583911306,
            "oppConfig": {
                "scale": 0.16458563160064435,
                "vertexSelf": 0.3406895247308054,
                "vertexOpp": 0.7687894594713905
            },
            "oppLambda": 0.0028321934138845206,
            "actTime": 1.999,
            "reviewTime": 0.66
        },
        {
            "kind": "normal",
            "trialNumber": 8,
            "oppReceiver": "opp",
            "selfConfig": {
                "scale": 0.22642345879167342,
                "vertexSelf": 0.8836427356888832,
                "vertexOpp": 0.6225404397416505
            },
            "selfLambda": 0.0953337048138025,
            "oppConfig": {
                "scale": 0.4345095020232511,
                "vertexSelf": 0.5842297990024081,
                "vertexOpp": 0.5077515378440947
            },
            "oppLambda": 0.18443888857993362,
            "actTime": 2.466,
            "reviewTime": 0.519
        },
        {
            "kind": "normal",
            "trialNumber": 9,
            "oppReceiver": "discard",
            "selfConfig": {
                "scale": 0.3456870384785494,
                "vertexSelf": 0.5228971561236443,
                "vertexOpp": 0.38729086592916806
            },
            "selfLambda": 0.015673911771498707,
            "oppConfig": {
                "scale": 0.1182505332815671,
                "vertexSelf": 0.3900941628418498,
                "vertexOpp": 0.1585335858397606
            },
            "oppLambda": -0.02490415242998885,
            "actTime": 2.921,
            "reviewTime": 0.618
        },
        {
            "kind": "normal",
            "trialNumber": 10,
            "oppReceiver": "opp",
            "selfConfig": {
                "scale": 0.4854028088079748,
                "vertexSelf": 0.7454978266280867,
                "vertexOpp": 0.4870942496264118
            },
            "selfLambda": 0.10811261587611327,
            "oppConfig": {
                "scale": 0.2664823959093277,
                "vertexSelf": 0.9673497767490764,
                "vertexOpp": 0.278430158876405
            },
            "oppLambda": 0.025447517416409493,
            "actTime": 12.197,
            "reviewTime": 2.134
        },
        {
            "kind": "normal",
            "trialNumber": 11,
            "oppReceiver": "opp",
            "selfConfig": {
                "scale": 0.17355255034106792,
                "vertexSelf": 0.78511154979736,
                "vertexOpp": 0.7091788280075619
            },
            "selfLambda": 0.08628900750106562,
            "oppConfig": {
                "scale": 0.3294461722858246,
                "vertexSelf": 0.8983093133468556,
                "vertexOpp": 0.44677349924588106
            },
            "oppLambda": 0.041624908436481145,
            "actTime": 2.045,
            "reviewTime": 9.985
        },
        {
            "kind": "normal",
            "trialNumber": 12,
            "oppReceiver": "opp",
            "selfConfig": {
                "scale": 0.295021034656343,
                "vertexSelf": 0.8278529524169667,
                "vertexOpp": 0.4265365736071044
            },
            "selfLambda": -0.021715334823514336,
            "oppConfig": {
                "scale": 0.4439764055325266,