{
    "client": {
        "kind": "prolific",
        "workerId": "prolific-615de0068e53149f12a40ff1",
        "studyId": "6165e32e07eb7042c0e45c27",
        "sessionId": "616885d95ceca9bf85548eb7",
        "completionCode": "k9d7aqrz"
    },
    "config": {
        "minOppLambda": -1.25,
        "maxOppLambda": -0.75
    },
    "trials": [
        {
            "kind": "normal",
            "trialNumber": 1,
            "oppReceiver": "opp",
            "selfConfig": {
                "scale": 0.26110233771004,
                "vertexSelf": 0.31261319499050655,
                "vertexOpp": 0.5914539101556335
            },
            "selfLambda": 0.37185488471786876,
            "oppConfig": {
                "scale": 0.3156337341014204,
                "vertexSelf": 0.828228156724609,
                "vertexOpp": 0.4152254203291141
            },
            "oppLambda": -1.1414286112652832,
            "actTime": 8.384,
            "reviewTime": 3.419
        },
        {
            "kind": "normal",
            "trialNumber": 2,
            "oppReceiver": "opp",
            "selfConfig": {
                "scale": 0.19829470173215544,
                "vertexSelf": 0.9992569876716134,
                "vertexOpp": 0.3750447619300822
            },
            "selfLambda": 2.6387180539999266,
            "oppConfig": {
                "scale": 0.14931276639749103,
                "vertexSelf": 0.3108112928341892,
                "vertexOpp": 0.34993416705511804
            },
            "oppLambda": -0.8277447443527368,
            "actTime": 24.063,
            "reviewTime": 2.113
        },
        {
            "kind": "normal",
            "trialNumber": 3,
            "oppReceiver": "self",
            "selfConfig": {
                "scale": 0.1579970135990063,
                "vertexSelf": 0.3407626993178985,
                "vertexOpp": 0.8417612963151813
            },
            "selfLambda": 2.0030594260018844,
            "oppConfig": {
                "scale": 0.21729629103222134,
                "vertexSelf": 0.37392482685079365,
                "vertexOpp": 0.49294747961162655
            },
            "oppLambda": 0.9019772080179478,
            "actTime": 18.014,
            "reviewTime": 1.802
        },
        {
            "kind": "normal",
            "trialNumber": 4,
            "oppReceiver": "opp",
            "selfConfig": {
                "scale": 0.31378181269785244,
                "vertexSelf": 0.5854892117335972,
                "vertexOpp": 0.5548671033772968
            },
            "selfLambda": 0.1601934567629269,
            "oppConfig": {
                "scale": 0.33315087964092616,
                "vertexSelf": 0.876231413987399,
                "vertexOpp": 0.5839232620774013
            },
            "oppLambda": -0.9508578457855994,
            "actTime": 8.265,
            "reviewTime": 3.573
        },
        {
            "kind": "normal",
            "trialNumber": 5,
            "oppReceiver": "opp",
            "selfConfig": {
                "scale": 0.24772985131842643,
                "vertexSelf": 0.33798810913912625,
                "vertexOpp": 0.4512174216958719
            },
            "selfLambda": 0.23237069049972162,
            "oppConfig": {
                "scale": 0.4804723043054696,
                "vertexSelf": 0.5178857148543111,
                "vertexOpp": 0.49529346575920913
            },
            "oppLambda": -0.9282635543610734,
            "actTime": 10.052,
            "reviewTime": 1.344
        },
        {
            "kind": "memory",
            "trialNumber": 5,
            "selfLambda": 0.23237069049972162,
            "oppLambda": -0.8822990650096578
        },
        {
            "kind": "normal",
            "trialNumber": 6,
            "oppReceiver": "opp",
            "selfConfig": {
                "scale": 0.20452366484770845,
                "vertexSelf": 0.5832135422435928,
                "vertexOpp": 0.5988234408666804
            },
            "selfLambda": 0.4352542039552802,
            "oppConfig": {
                "scale": 0.30550610136101164,
                "vertexSelf": 0.9620345896854967,
                "vertexOpp": 0.5947317334171126
            },
            "oppLambda": -1.0621878041650463,
            "actTime": 10.168,
            "reviewTime": 4.22
        },
        {
            "kind": "normal",
            "trialNumber": 7,
            "oppReceiver": "opp",
            "selfConfig": {
                "scale": 0.16278987933765443,
                "vertexSelf": 0.24520274790045324,
                "vertexOpp": 0.7735796163568528
            },
            "selfLambda": 2.4545900050401404,
            "oppConfig": {
                "scale": 0.25905430822240005,
                "vertexSelf": 0.39938441776344613,
                "vertexOpp": 0.5207554940751767
            },
            "oppLambda": -1.171820487014108,
            "actTime": 16.024,
            "reviewTime": 2.479
        },
        {
            "kind": "normal",
            "trialNumber": 8,
            "oppReceiver": "opp",
            "selfConfig": {
                "scale": 0.3881497581501948,
                "vertexSelf": 0.4931728929374412,
                "vertexOpp": 0.5876015247683573
            },
            "selfLambda": 0.26999102347175563,
            "oppConfig": {
                "scale": 0.3147452486435933,
                "vertexSelf": 0.33059052712305714,
                "vertexOpp": 0.5515984622290632
            },
            "oppLambda": -1.196710780956625,
            "actTime": 10.228,
            "reviewTime": 5.97
        },
        {
            "kind": "normal",
            "trialNumber": 9,
            "oppReceiver": "discard",
            "selfConfig": {
                "scale": 0.1832488193139776,
                "vertexSelf": 0.9378954516931586,
                "vertexOpp": 0.49317445728229836
            },
            "selfLambda": 0.11087521424767022,
            "oppConfig": {
                "scale": 0.1131294537002357,
                "vertexSelf": 0.5358948945541946,
                "vertexOpp": 0.1726071237945517
            },
            "oppLambda": -0.042947408497422714,
            "actTime": 7.934,
            "reviewTime": 2.202
        },
        {
            "kind": "normal",
            "trialNumber": 10,
            "oppReceiver": "opp",
            "selfConfig": {
                "scale": 0.2750169998034091,
                "vertexSelf": 0.895466814603386,
                "vertexOpp": 0.4732007948165977
            },
            "selfLambda": 1.6978286579881083,
            "oppConfig": {
                "scale": 0.19587405147764025,
                "vertexSelf": 0.34895370460172803,
                "vertexOpp": 0.46479467882745285
            },
            "oppLambda": -0.81257756837222,
            "actTime": 20.14,
            "reviewTime": 4.75
        },
        {
            "kind": "normal",
            "trialNumber": 11,
            "oppReceiver": "opp",
            "selfConfig": {
                "scale": 0.4436751983919761,
                "vertexSelf": 0.8067946143219844,
                "vertexOpp": 0.4898284173856054
            },
            "selfLambda": 0.9624379127863786,
            "oppConfig": {
                "scale": 0.14078373124360724,
                "vertexSelf": 0.5491607901713539,
                "vertexOpp": 0.6875966168499204
            },
            "oppLambda": -0.9575933109134649,
            "actTime": 9.878,
            "reviewTime": 4.996
        },
        {
            "kind": "normal",
            "trialNumber": 12,
            "oppReceiver": "opp",
            "selfConfig": {
                "scale": 0.25168723286058314,
                "vertexSelf": 0.7307056536915058,
                "vertexOpp": 0.2766334473282859
            },
            "selfLambda": 1.8809049892186018,
            "oppConfig": {
                "scale": 0.3521314647698012,