{
    "client": {
        "kind": "prolific",
        "workerId": "prolific-614fe903e5acda6e19a9bc39",
        "studyId": "6165e32e07eb7042c0e45c27",
        "sessionId": "616886ea183ead6675514169",
        "completionCode": "4k6d9mxl"
    },
    "config": {
        "minOppLambda": -1.25,
        "maxOppLambda": -0.75
    },
    "trials": [
        {
            "kind": "normal",
            "trialNumber": 1,
            "oppReceiver": "opp",
            "selfConfig": {
                "scale": 0.2181459672546068,
                "vertexSelf": 0.5362004859342608,
                "vertexOpp": 0.6688798117581547
            },
            "selfLambda": 0.43005016777381116,
            "oppConfig": {
                "scale": 0.21197900236042078,
                "vertexSelf": 0.436068656336169,
                "vertexOpp": 0.4360173068244651
            },
            "oppLambda": -0.90764828894784,
            "actTime": 10.48,
            "reviewTime": 7.173
        },
        {
            "kind": "normal",
            "trialNumber": 2,
            "oppReceiver": "opp",
            "selfConfig": {
                "scale": 0.2696960624521186,
                "vertexSelf": 0.8855897563779656,
                "vertexOpp": 0.62567673802708
            },
            "selfLambda": 0.04966031202210994,
            "oppConfig": {
                "scale": 0.1397485754074908,
                "vertexSelf": 0.24812521902388465,
                "vertexOpp": 0.2966473182217553
            },
            "oppLambda": -1.1364074838712304,
            "actTime": 8.387,
            "reviewTime": 16.64
        },
        {
            "kind": "normal",
            "trialNumber": 3,
            "oppReceiver": "self",
            "selfConfig": {
                "scale": 0.24753508663255036,
                "vertexSelf": 0.8042588001584763,
                "vertexOpp": 0.7444115471632975
            },
            "selfLambda": 2.065068482320705,
            "oppConfig": {
                "scale": 0.2512260508298596,
                "vertexSelf": 0.7238700964491528,
                "vertexOpp": 0.6859036560397935
            },
            "oppLambda": 0.8270174234141727,
            "actTime": 11.19,
            "reviewTime": 19.372
        },
        {
            "kind": "normal",
            "trialNumber": 4,
            "oppReceiver": "opp",
            "selfConfig": {
                "scale": 0.2095916090234452,
                "vertexSelf": 0.7133409392780711,
                "vertexOpp": 0.23235883064259313
            },
            "selfLambda": -0.30114593603852613,
            "oppConfig": {
                "scale": 0.3144650996536399,
                "vertexSelf": 0.5214748351756094,
                "vertexOpp": 0.6106562051039197
            },
            "oppLambda": -1.2433817280859203,
            "actTime": 17.809,
            "reviewTime": 21.053
        },
        {
            "kind": "normal",
            "trialNumber": 5,
            "oppReceiver": "opp",
            "selfConfig": {
                "scale": 0.32340444897073334,
                "vertexSelf": 0.9347469122552821,
                "vertexOpp": 0.5852131699894764
            },
            "selfLambda": 0.3140762606832266,
            "oppConfig": {
                "scale": 0.47847173972131707,
                "vertexSelf": 0.739891389286305,
                "vertexOpp": 0.5066393795199493
            },
            "oppLambda": -1.0701627964017737,
            "actTime": 18.372,
            "reviewTime": 3.934
        },
        {
            "kind": "memory",
            "trialNumber": 5,
            "selfLambda": 0.2692201471917908,
            "oppLambda": -0.9297353541346731
        },
        {
            "kind": "normal",
            "trialNumber": 6,
            "oppReceiver": "opp",
            "selfConfig": {
                "scale": 0.43776084418435735,
                "vertexSelf": 0.70044217680303,
                "vertexOpp": 0.5013560471704541
            },
            "selfLambda": 0.18435006251595862,
            "oppConfig": {
                "scale": 0.3122049545148256,
                "vertexSelf": 0.8258532685453335,
                "vertexOpp": 0.5971995020636781
            },
            "oppLambda": -0.8503189562196859,
            "actTime": 13.379,
            "reviewTime": 3.283
        },
        {
            "kind": "normal",
            "trialNumber": 7,
            "oppReceiver": "opp",
            "selfConfig": {
                "scale": 0.4702651675856151,
                "vertexSelf": 0.6009515745130771,
                "vertexOpp": 0.4829137767066181
            },
            "selfLambda": 0.20376967405873486,
            "oppConfig": {
                "scale": 0.457528015508734,
                "vertexSelf": 0.6323590498449829,
                "vertexOpp": 0.4821143121739593
            },
            "oppLambda": -0.958789673284593,
            "actTime": 13.26,
            "reviewTime": 3.185
        },
        {
            "kind": "normal",
            "trialNumber": 8,
            "oppReceiver": "opp",
            "selfConfig": {
                "scale": 0.4915697742351489,
                "vertexSelf": 0.9390669314878489,
                "vertexOpp": 0.501471585931329
            },
            "selfLambda": 0.1637003853540054,
            "oppConfig": {
                "scale": 0.3472843127870737,
                "vertexSelf": 0.6664924075502039,
                "vertexOpp": 0.605114017771468
            },
            "oppLambda": -0.8267494147620953,
            "actTime": 11.941,
            "reviewTime": 2.24
        },
        {
            "kind": "normal",
            "trialNumber": 9,
            "oppReceiver": "discard",
            "selfConfig": {
                "scale": 0.19453858529921586,
                "vertexSelf": 0.9220952037566825,
                "vertexOpp": 0.4519634245775713
            },
            "selfLambda": -0.23320231863187876,
            "oppConfig": {
                "scale": 0.43668810643220135,
                "vertexSelf": 0.7330216848653708,
                "vertexOpp": 0.4846689782435135
            },
            "oppLambda": 0.006296168234980831,
            "actTime": 12.636,
            "reviewTime": 8.121
        },
        {
            "kind": "normal",
            "trialNumber": 10,
            "oppReceiver": "opp",
            "selfConfig": {
                "scale": 0.16223099455098772,
                "vertexSelf": 0.235520590755435,
                "vertexOpp": 0.4445498510645996
            },
            "selfLambda": 0.08001120813397539,
            "oppConfig": {
                "scale": 0.3664486807068198,
                "vertexSelf": 0.8516773397144772,
                "vertexOpp": 0.4535282494640548
            },
            "oppLambda": -0.7538459055620343,
            "actTime": 9.809,
            "reviewTime": 3.301
        },
        {
            "kind": "normal",
            "trialNumber": 11,
            "oppReceiver": "opp",
            "selfConfig": {
                "scale": 0.18800176697748247,
                "vertexSelf": 0.5731384885214403,
                "vertexOpp": 0.5435603818493625
            },
            "selfLambda": 0.4046729853894778,
            "oppConfig": {
                "scale": 0.10255980064529986,
                "vertexSelf": 0.10259302582652848,
                "vertexOpp": 0.44945469374435565
            },
            "oppLambda": -1.0042824106164967,
            "actTime": 11.494,
            "reviewTime": 1.671
        },
        {
            "kind": "normal",
            "trialNumber": 12,
            "oppReceiver": "opp",
            "selfConfig": {
                "scale": 0.3381052433701661,
                "vertexSelf": 0.5176028162925438,
                "vertexOpp": 0.4678006560210286
            },
            "selfLambda": 0.1368371403041412,
            "oppConfig": {
                "scale": 0.18548965851149415,