{
    "client": {
        "kind": "prolific",
        "workerId": "prolific-60ffa8d86d684605de99303a",
        "studyId": "6165e32e07eb7042c0e45c27",
        "sessionId": "61687ca00fe30f1001c22160",
        "completionCode": "r4ugzpu0"
    },
    "config": {
        "minOppLambda": -1.25,
        "maxOppLambda": -0.75
    },
    "trials": [
        {
            "kind": "normal",
            "trialNumber": 1,
            "oppReceiver": "opp",
            "selfConfig": {
                "scale": 0.2702348129525125,
                "vertexSelf": 0.7679301610503004,
                "vertexOpp": 0.5832258041061726
            },
            "selfLambda": 0.09947543333623679,
            "oppConfig": {
                "scale": 0.42775458203872885,
                "vertexSelf": 0.90985053725039,
                "vertexOpp": 0.4619362681624674
            },
            "oppLambda": -1.0685808893634148,
            "actTime": 9.486,
            "reviewTime": 7.594
        },
        {
            "kind": "normal",
            "trialNumber": 2,
            "oppReceiver": "opp",
            "selfConfig": {
                "scale": 0.4402949698084996,
                "vertexSelf": 0.8106307870918411,
                "vertexOpp": 0.44233670126916774
            },
            "selfLambda": -0.14688653510273889,
            "oppConfig": {
                "scale": 0.17981569326108637,
                "vertexSelf": 0.9551534046534392,
                "vertexOpp": 0.35546072210001645
            },
            "oppLambda": -0.8015239632046163,
            "actTime": 9.892,
            "reviewTime": 5.925
        },
        {
            "kind": "normal",
            "trialNumber": 3,
            "oppReceiver": "self",
            "selfConfig": {
                "scale": 0.22409399811691838,
                "vertexSelf": 0.803596430441591,
                "vertexOpp": 0.3223413082538803
            },
            "selfLambda": -0.2291417155565065,
            "oppConfig": {
                "scale": 0.4342934111144414,
                "vertexSelf": 0.8813862397078458,
                "vertexOpp": 0.46362792283643667
            },
            "oppLambda": 1.106911763872152,
            "actTime": 14.711,
            "reviewTime": 1.2
        },
        {
            "kind": "normal",
            "trialNumber": 4,
            "oppReceiver": "opp",
            "selfConfig": {
                "scale": 0.16336413056374038,
                "vertexSelf": 0.8336391834277452,
                "vertexOpp": 0.6794894676050918
            },
            "selfLambda": -0.19779292083282307,
            "oppConfig": {
                "scale": 0.204193326287317,
                "vertexSelf": 0.5846800614982293,
                "vertexOpp": 0.2495599811165319
            },
            "oppLambda": -1.2253983002455,
            "actTime": 10.851,
            "reviewTime": 1.776
        },
        {
            "kind": "normal",
            "trialNumber": 5,
            "oppReceiver": "opp",
            "selfConfig": {
                "scale": 0.12816839746912537,
                "vertexSelf": 0.7515458401269569,
                "vertexOpp": 0.7352540765564455
            },
            "selfLambda": -0.23803179032678595,
            "oppConfig": {
                "scale": 0.1729332788155703,
                "vertexSelf": 0.7285411072807497,
                "vertexOpp": 0.6668268330880891
            },
            "oppLambda": -1.050489414768879,
            "actTime": 10.058,
            "reviewTime": 0.976
        },
        {
            "kind": "memory",
            "trialNumber": 5,
            "selfLambda": -0.0819870835587401,
            "oppLambda": 0.653506376936359
        },
        {
            "kind": "normal",
            "trialNumber": 6,
            "oppReceiver": "opp",
            "selfConfig": {
                "scale": 0.12482223714932941,
                "vertexSelf": 0.2843112540404066,
                "vertexOpp": 0.1608279916733665
            },
            "selfLambda": 0.2537797007171339,
            "oppConfig": {
                "scale": 0.3358838106894585,
                "vertexSelf": 0.5386036969917466,
                "vertexOpp": 0.5955343925246903
            },
            "oppLambda": -1.1812733445612276,
            "actTime": 9.211,
            "reviewTime": 0.829
        },
        {
            "kind": "normal",
            "trialNumber": 7,
            "oppReceiver": "opp",
            "selfConfig": {
                "scale": 0.3497147553423814,
                "vertexSelf": 0.4010343339647726,
                "vertexOpp": 0.3819360596807408
            },
            "selfLambda": -0.182640618920837,
            "oppConfig": {
                "scale": 0.4069148789797866,
                "vertexSelf": 0.6382835942067001,
                "vertexOpp": 0.5469464679596912
            },
            "oppLambda": -0.7711023992410677,
            "actTime": 8.61,
            "reviewTime": 0.809
        },
        {
            "kind": "normal",
            "trialNumber": 8,
            "oppReceiver": "opp",
            "selfConfig": {
                "scale": 0.16171837359795296,
                "vertexSelf": 0.23182031715570903,
                "vertexOpp": 0.7480096002865024
            },
            "selfLambda": 0.18951134253832055,
            "oppConfig": {
                "scale": 0.3302205818890126,
                "vertexSelf": 0.48876117913935624,
                "vertexOpp": 0.5572539562485018
            },
            "oppLambda": -1.1734202424471953,
            "actTime": 13.606,
            "reviewTime": 4.913
        },
        {
            "kind": "normal",
            "trialNumber": 9,
            "oppReceiver": "discard",
            "selfConfig": {
                "scale": 0.37658618763188845,
                "vertexSelf": 0.6876130695056502,
                "vertexOpp": 0.5580436087586433
            },
            "selfLambda": -0.007312759401163442,
            "oppConfig": {
                "scale": 0.3455099934844874,
                "vertexSelf": 0.9882318664091848,
                "vertexOpp": 0.5814721250101487
            },
            "oppLambda": -0.06301190401240203,
            "actTime": 9.583,
            "reviewTime": 1.066
        },
        {
            "kind": "normal",
            "trialNumber": 10,
            "oppReceiver": "opp",
            "selfConfig": {
                "scale": 0.2290680277744377,
                "vertexSelf": 0.5481249137883708,
                "vertexOpp": 0.671980756744669
            },
            "selfLambda": -0.10460435584198,
            "oppConfig": {
                "scale": 0.13734539358269152,
                "vertexSelf": 0.24187508629187682,
                "vertexOpp": 0.5781284871968764
            },
            "oppLambda": -0.7698351867129796,
            "actTime": 15.594,
            "reviewTime": 0.985
        },
        {
            "kind": "normal",
            "trialNumber": 11,
            "oppReceiver": "opp",
            "selfConfig": {
                "scale": 0.3282821768191449,
                "vertexSelf": 0.7040626411369323,
                "vertexOpp": 0.40605529659033773
            },
            "selfLambda": -0.21966039667271423,
            "oppConfig": {
                "scale": 0.3578159858441238,
                "vertexSelf": 0.6290234009422373,
                "vertexOpp": 0.3797514256429157
            },
            "oppLambda": -1.1613152004326668,
            "actTime": 7.676,
            "reviewTime": 1.468
        },
        {
            "kind": "normal",
            "trialNumber": 12,
            "oppReceiver": "opp",
            "selfConfig": {
                "scale": 0.2516754597645848,
                "vertexSelf": 0.5121344337884471,
                "vertexOpp": 0.2819123087630865
            },
            "selfLambda": 0.2496947823171782,
            "oppConfig": {
                "scale": 0.324113218252333,