{
    "client": {
        "kind": "prolific",
        "workerId": "prolific-61673f4db274850873e4fbb6",
        "studyId": "6165e32e07eb7042c0e45c27",
        "sessionId": "6168901704bc746521145485",
        "completionCode": "krh2zwln"
    },
    "config": {
        "minOppLambda": -1.25,
        "maxOppLambda": -0.75
    },
    "trials": [
        {
            "kind": "normal",
            "trialNumber": 1,
            "oppReceiver": "opp",
            "selfConfig": {
                "scale": 0.4614812842726639,
                "vertexSelf": 0.5040422527159873,
                "vertexOpp": 0.4859399487063618
            },
            "selfLambda": 0.8554773133999629,
            "oppConfig": {
                "scale": 0.30595849876737835,
                "vertexSelf": 0.3978643414015658,
                "vertexOpp": 0.6626816564646385
            },
            "oppLambda": -0.9496524064630207,
            "actTime": 3.757,
            "reviewTime": 3.601
        },
        {
            "kind": "normal",
            "trialNumber": 2,
            "oppReceiver": "opp",
            "selfConfig": {
                "scale": 0.49878751333350635,
                "vertexSelf": 0.9010385076906595,
                "vertexOpp": 0.4998990668695247
            },
            "selfLambda": 1.4305394191317498,
            "oppConfig": {
                "scale": 0.3914120679116214,
                "vertexSelf": 0.9093821868503811,
                "vertexOpp": 0.3958687797530029
            },
            "oppLambda": -0.8987217285939749,
            "actTime": 8.285,
            "reviewTime": 4.384
        },
        {
            "kind": "normal",
            "trialNumber": 3,
            "oppReceiver": "self",
            "selfConfig": {
                "scale": 0.3464125698299718,
                "vertexSelf": 0.4032641293207035,
                "vertexOpp": 0.45556818043061376
            },
            "selfLambda": 1.3342384564710337,
            "oppConfig": {
                "scale": 0.3182775391369813,
                "vertexSelf": 0.8033960330988369,
                "vertexOpp": 0.4462632861390329
            },
            "oppLambda": 0.934634481771597,
            "actTime": 7.072,
            "reviewTime": 5.18
        },
        {
            "kind": "normal",
            "trialNumber": 4,
            "oppReceiver": "opp",
            "selfConfig": {
                "scale": 0.2287677746157799,
                "vertexSelf": 0.796035434367694,
                "vertexOpp": 0.4892220998616834
            },
            "selfLambda": 0.3856420210034881,
            "oppConfig": {
                "scale": 0.26283343705932294,
                "vertexSelf": 0.44229404939238914,
                "vertexOpp": 0.5196272411409257
            },
            "oppLambda": -0.828277207175129,
            "actTime": 4.418,
            "reviewTime": 22.972
        },
        {
            "kind": "normal",
            "trialNumber": 5,
            "oppReceiver": "opp",
            "selfConfig": {
                "scale": 0.45852922728606327,
                "vertexSelf": 0.6560685538384033,
                "vertexOpp": 0.5058836983582539
            },
            "selfLambda": 0.6722201878119207,
            "oppConfig": {
                "scale": 0.39950949864282737,
                "vertexSelf": 0.6670837458479443,
                "vertexOpp": 0.4518311044187502
            },
            "oppLambda": -0.8658785251638221,
            "actTime": 3.982,
            "reviewTime": 2.576
        },
        {
            "kind": "memory",
            "trialNumber": 5,
            "selfLambda": -0.2001342362833876,
            "oppLambda": -1.41088562537891
        },
        {
            "kind": "normal",
            "trialNumber": 6,
            "oppReceiver": "opp",
            "selfConfig": {
                "scale": 0.3296098662985927,
                "vertexSelf": 0.3407348471298673,
                "vertexOpp": 0.5162119338362713
            },
            "selfLambda": -0.38153348508067064,
            "oppConfig": {
                "scale": 0.1983009679212649,
                "vertexSelf": 0.987869046189634,
                "vertexOpp": 0.3772432554171292
            },
            "oppLambda": -1.157417679047465,
            "actTime": 7.502,
            "reviewTime": 1.692
        },
        {
            "kind": "normal",
            "trialNumber": 7,
            "oppReceiver": "opp",
            "selfConfig": {
                "scale": 0.4022737118148655,
                "vertexSelf": 0.762132690950915,
                "vertexOpp": 0.5882927654985303
            },
            "selfLambda": -0.1572367167080438,
            "oppConfig": {
                "scale": 0.14567901874500055,
                "vertexSelf": 0.8639924683328257,
                "vertexOpp": 0.5413692788610194
            },
            "oppLambda": -1.1078999002801093,
            "actTime": 7.289,
            "reviewTime": 1.032
        },
        {
            "kind": "normal",
            "trialNumber": 8,
            "oppReceiver": "opp",
            "selfConfig": {
                "scale": 0.1696997809620256,
                "vertexSelf": 0.5705839176226994,
                "vertexOpp": 0.35453212534272266
            },
            "selfLambda": 1.7929845337630437,
            "oppConfig": {
                "scale": 0.4117626182257227,
                "vertexSelf": 0.6556656141127346,
                "vertexOpp": 0.5086244448992355
            },
            "oppLambda": -0.9272197326894216,
            "actTime": 7.948,
            "reviewTime": 5.041
        },
        {
            "kind": "normal",
            "trialNumber": 9,
            "oppReceiver": "discard",
            "selfConfig": {
                "scale": 0.17754617166007317,
                "vertexSelf": 0.2449423632537493,
                "vertexOpp": 0.5811472679372844
            },
            "selfLambda": -1.1769400634630918,
            "oppConfig": {
                "scale": 0.3413173762595998,
                "vertexSelf": 0.37863540306966026,
                "vertexOpp": 0.6052561670405706
            },
            "oppLambda": -0.009900172687749315,
            "actTime": 6.459,
            "reviewTime": 6.427
        },
        {
            "kind": "normal",
            "trialNumber": 10,
            "oppReceiver": "opp",
            "selfConfig": {
                "scale": 0.45485582626268917,
                "vertexSelf": 0.854671950070258,
                "vertexOpp": 0.48483912629270454
            },
            "selfLambda": 1.4150749393197821,
            "oppConfig": {
                "scale": 0.35959545539801197,
                "vertexSelf": 0.560184023364148,
                "vertexOpp": 0.617688880250302
            },
            "oppLambda": -0.7686039625877384,
            "actTime": 3.452,
            "reviewTime": 8.034
        },
        {
            "kind": "normal",
            "trialNumber": 11,
            "oppReceiver": "opp",
            "selfConfig": {
                "scale": 0.3446803571855601,
                "vertexSelf": 0.810258502206919,
                "vertexOpp": 0.5476205932696601
            },
            "selfLambda": 0.5747126073893714,
            "oppConfig": {
                "scale": 0.3942300167986773,
                "vertexSelf": 0.520882312344328,
                "vertexOpp": 0.5853375415678285
            },
            "oppLambda": -1.0283529973311096,
            "actTime": 4.472,
            "reviewTime": 12.257
        },
        {
            "kind": "normal",
            "trialNumber": 12,
            "oppReceiver": "opp",
            "selfConfig": {
                "scale": 0.398777018491525,
                "vertexSelf": 0.8540261088463146,
                "vertexOpp": 0.45093788200551504
            },
            "selfLambda": 1.6503564786117602,
            "oppConfig": {
                "scale": 0.3012778760841669,