{
    "client": {
        "kind": "prolific",
        "workerId": "prolific-60ff3133d92079f1be5cb621",
        "studyId": "6165e32e07eb7042c0e45c27",
        "sessionId": "616886b14ff2edbc449e842e",
        "completionCode": "aw0hn49t"
    },
    "config": {
        "minOppLambda": -1.25,
        "maxOppLambda": -0.75
    },
    "trials": [
        {
            "kind": "normal",
            "trialNumber": 1,
            "oppReceiver": "opp",
            "selfConfig": {
                "scale": 0.2215881575697649,
                "vertexSelf": 0.4660597278353745,
                "vertexOpp": 0.48682036459622285
            },
            "selfLambda": 0.08887029143101907,
            "oppConfig": {
                "scale": 0.22807519293966153,
                "vertexSelf": 0.7386666733866744,
                "vertexOpp": 0.5250852519105881
            },
            "oppLambda": -0.8459059821333279,
            "actTime": 11.056,
            "reviewTime": 1.241
        },
        {
            "kind": "normal",
            "trialNumber": 2,
            "oppReceiver": "opp",
            "selfConfig": {
                "scale": 0.14502402953276033,
                "vertexSelf": 0.1791714195360069,
                "vertexOpp": 0.6363323472097675
            },
            "selfLambda": 0.32639629262109426,
            "oppConfig": {
                "scale": 0.2191741927212153,
                "vertexSelf": 0.47233392649121,
                "vertexOpp": 0.4822269972365357
            },
            "oppLambda": -1.0934971299075151,
            "actTime": 13.73,
            "reviewTime": 1.575
        },
        {
            "kind": "normal",
            "trialNumber": 3,
            "oppReceiver": "self",
            "selfConfig": {
                "scale": 0.11427060698832872,
                "vertexSelf": 0.7304451053810206,
                "vertexOpp": 0.5941072087518771
            },
            "selfLambda": 0.6865479341588286,
            "oppConfig": {
                "scale": 0.1922909301223731,
                "vertexSelf": 0.6117697792147018,
                "vertexOpp": 0.6081383319396856
            },
            "oppLambda": 0.8174010819136925,
            "actTime": 18.203,
            "reviewTime": 2.09
        },
        {
            "kind": "normal",
            "trialNumber": 4,
            "oppReceiver": "opp",
            "selfConfig": {
                "scale": 0.16932762500048,
                "vertexSelf": 0.46988361492821046,
                "vertexOpp": 0.5996316673189162
            },
            "selfLambda": 0.31932178045577525,
            "oppConfig": {
                "scale": 0.36179014998099535,
                "vertexSelf": 0.4571737837187225,
                "vertexOpp": 0.6174770223446442
            },
            "oppLambda": -1.216754921817659,
            "actTime": 8.764,
            "reviewTime": 2.771
        },
        {
            "kind": "normal",
            "trialNumber": 5,
            "oppReceiver": "opp",
            "selfConfig": {
                "scale": 0.24360291810650994,
                "vertexSelf": 0.7541039860248662,
                "vertexOpp": 0.6376460459150521
            },
            "selfLambda": 0.32036250677878664,
            "oppConfig": {
                "scale": 0.44542120497238935,
                "vertexSelf": 0.5496379131189892,
                "vertexOpp": 0.48552230883252084
            },
            "oppLambda": -0.9339972250497521,
            "actTime": 13.941,
            "reviewTime": 2.536
        },
        {
            "kind": "memory",
            "trialNumber": 5,
            "selfLambda": 0.32036250677878664,
            "oppLambda": -0.9377893994912104
        },
        {
            "kind": "normal",
            "trialNumber": 6,
            "oppReceiver": "opp",
            "selfConfig": {
                "scale": 0.3516780970942802,
                "vertexSelf": 0.7505266106948028,
                "vertexOpp": 0.5613752688338318
            },
            "selfLambda": 0.23861630761868668,
            "oppConfig": {
                "scale": 0.40706319456197126,
                "vertexSelf": 0.6454581900908297,
                "vertexOpp": 0.518373104121941
            },
            "oppLambda": -1.0142733736264566,
            "actTime": 10.684,
            "reviewTime": 1.449
        },
        {
            "kind": "normal",
            "trialNumber": 7,
            "oppReceiver": "opp",
            "selfConfig": {
                "scale": 0.25025985830137953,
                "vertexSelf": 0.6931965769999493,
                "vertexOpp": 0.32406360712616167
            },
            "selfLambda": 0.31383160266861865,
            "oppConfig": {
                "scale": 0.4135670412804324,
                "vertexSelf": 0.46294806450516146,
                "vertexOpp": 0.4952612381242952
            },
            "oppLambda": -0.8816743600464828,
            "actTime": 14.829,
            "reviewTime": 0.886
        },
        {
            "kind": "normal",
            "trialNumber": 8,
            "oppReceiver": "opp",
            "selfConfig": {
                "scale": 0.16662298645667617,
                "vertexSelf": 0.7588706057355943,
                "vertexOpp": 0.6122299220638623
            },
            "selfLambda": 0.25330732233584274,
            "oppConfig": {
                "scale": 0.47848653434907185,
                "vertexSelf": 0.911222159185366,
                "vertexOpp": 0.5005782601755311
            },
            "oppLambda": -1.2483597789417569,
            "actTime": 5.338,
            "reviewTime": 0.993
        },
        {
            "kind": "normal",
            "trialNumber": 9,
            "oppReceiver": "discard",
            "selfConfig": {
                "scale": 0.48731587460791137,
                "vertexSelf": 0.5004893738392588,
                "vertexOpp": 0.4980061921567476
            },
            "selfLambda": 0.18602776366788973,
            "oppConfig": {
                "scale": 0.47349050091167333,
                "vertexSelf": 0.7516293643646672,
                "vertexOpp": 0.5088317178826183
            },
            "oppLambda": -0.020179145438373874,
            "actTime": 7.693,
            "reviewTime": 2.724
        },
        {
            "kind": "normal",
            "trialNumber": 10,
            "oppReceiver": "opp",
            "selfConfig": {
                "scale": 0.17205496509815435,
                "vertexSelf": 0.2294920378562354,
                "vertexOpp": 0.7022006733589355
            },
            "selfLambda": 0.3618920262677348,
            "oppConfig": {
                "scale": 0.20108488194530266,
                "vertexSelf": 0.28436399232248716,
                "vertexOpp": 0.457216916927336
            },
            "oppLambda": -0.9608164497063602,
            "actTime": 6.427,
            "reviewTime": 1.976
        },
        {
            "kind": "normal",
            "trialNumber": 11,
            "oppReceiver": "opp",
            "selfConfig": {
                "scale": 0.1932651392201235,
                "vertexSelf": 0.2624720905316767,
                "vertexOpp": 0.23489119479834963
            },
            "selfLambda": 0.25983791285869023,
            "oppConfig": {
                "scale": 0.23398324569502896,
                "vertexSelf": 0.6144517722396359,
                "vertexOpp": 0.4664640400181894
            },
            "oppLambda": -1.0907624807476846,
            "actTime": 10.771,
            "reviewTime": 1.078
        },
        {
            "kind": "normal",
            "trialNumber": 12,
            "oppReceiver": "opp",
            "selfConfig": {
                "scale": 0.18559799963722945,
                "vertexSelf": 0.6426249196958816,
                "vertexOpp": 0.5929701170268717
            },
            "selfLambda": -1.0018439553076164,