{
    "client": {
        "kind": "prolific",
        "workerId": "prolific-615deed80c67a7f365e496ff",
        "studyId": "6165e32e07eb7042c0e45c27",
        "sessionId": "6168826064ef78199861a31b",
        "completionCode": "388yb1bc"
    },
    "config": {
        "minOppLambda": -1.25,
        "maxOppLambda": -0.75
    },
    "trials": [
        {
            "kind": "normal",
            "trialNumber": 1,
            "oppReceiver": "opp",
            "selfConfig": {
                "scale": 0.24374393567768216,
                "vertexSelf": 0.24677701792002557,
                "vertexOpp": 0.49923365090440575
            },
            "selfLambda": 2.0124052513530595,
            "oppConfig": {
                "scale": 0.37420166224158014,
                "vertexSelf": 0.5000305985590181,
                "vertexOpp": 0.48643396071873934
            },
            "oppLambda": -1.2479326495091017,
            "actTime": 28.428,
            "reviewTime": 10.363
        },
        {
            "kind": "normal",
            "trialNumber": 2,
            "oppReceiver": "opp",
            "selfConfig": {
                "scale": 0.3851663502915884,
                "vertexSelf": 0.420039891912053,
                "vertexOpp": 0.5298764304809942
            },
            "selfLambda": -1.1417219095828997,
            "oppConfig": {
                "scale": 0.11641234530380187,
                "vertexSelf": 0.3435753240135697,
                "vertexOpp": 0.27629707023707867
            },
            "oppLambda": -0.7642964083357351,
            "actTime": 67.295,
            "reviewTime": 4.314
        },
        {
            "kind": "normal",
            "trialNumber": 3,
            "oppReceiver": "self",
            "selfConfig": {
                "scale": 0.1814817680895151,
                "vertexSelf": 0.6471601548652841,
                "vertexOpp": 0.6741611685800162
            },
            "selfLambda": 3.5908712467388484,
            "oppConfig": {
                "scale": 0.38710089154072824,
                "vertexSelf": 0.908283328964656,
                "vertexOpp": 0.548299250832937
            },
            "oppLambda": 1.0196536703410484,
            "actTime": 80.009,
            "reviewTime": 12.162
        },
        {
            "kind": "normal",
            "trialNumber": 4,
            "oppReceiver": "opp",
            "selfConfig": {
                "scale": 0.11325669561148022,
                "vertexSelf": 0.14871576272937623,
                "vertexOpp": 0.1994209265086162
            },
            "selfLambda": -1.343630816076366,
            "oppConfig": {
                "scale": 0.26167904503968054,
                "vertexSelf": 0.9731389234856529,
                "vertexOpp": 0.46090658029912623
            },
            "oppLambda": -0.9986347864306628,
            "actTime": 122.13,
            "reviewTime": 19.488
        },
        {
            "kind": "normal",
            "trialNumber": 5,
            "oppReceiver": "opp",
            "selfConfig": {
                "scale": 0.24096846669655583,
                "vertexSelf": 0.7879962870336702,
                "vertexOpp": 0.44138556188236566
            },
            "selfLambda": -1.367140667605479,
            "oppConfig": {
                "scale": 0.17951874185776787,
                "vertexSelf": 0.24899017506585758,
                "vertexOpp": 0.6942952694020519
            },
            "oppLambda": -1.1738369853492896,
            "actTime": 116.438,
            "reviewTime": 7.686
        },
        {
            "kind": "memory",
            "trialNumber": 5,
            "selfLambda": -2.7504475288849264,
            "oppLambda": -1.5333062309942875
        },
        {
            "kind": "normal",
            "trialNumber": 6,
            "oppReceiver": "opp",
            "selfConfig": {
                "scale": 0.40300246488607117,
                "vertexSelf": 0.4167846529774815,
                "vertexOpp": 0.40654049641341805
            },
            "selfLambda": -1.0746360892588291,
            "oppConfig": {
                "scale": 0.48259551168516845,
                "vertexSelf": 0.5138003796206027,
                "vertexOpp": 0.5149668146737807
            },
            "oppLambda": -1.0514331061238913,
            "actTime": 92.225,
            "reviewTime": 6.279
        },
        {
            "kind": "normal",
            "trialNumber": 7,
            "oppReceiver": "opp",
            "selfConfig": {
                "scale": 0.1545088901433215,
                "vertexSelf": 0.7133115219924825,
                "vertexOpp": 0.3606165374270632
            },
            "selfLambda": -0.39630777748339635,
            "oppConfig": {
                "scale": 0.4924219061603201,
                "vertexSelf": 0.9040984846549303,
                "vertexOpp": 0.4958948154465413
            },
            "oppLambda": -1.1206959889343842,
            "actTime": 272.974,
            "reviewTime": 4.797
        },
        {
            "kind": "normal",
            "trialNumber": 8,
            "oppReceiver": "opp",
            "selfConfig": {
                "scale": 0.2693524934447532,
                "vertexSelf": 0.4155344458901201,
                "vertexOpp": 0.3134401953825425
            },
            "selfLambda": -1.6590913455076088,
            "oppConfig": {
                "scale": 0.3891724645694168,
                "vertexSelf": 0.5391698779085685,
                "vertexOpp": 0.4410462688791308
            },
            "oppLambda": -0.8238872353876296,
            "actTime": 137.498,
            "reviewTime": 2.718
        },
        {
            "kind": "normal",
            "trialNumber": 9,
            "oppReceiver": "discard",
            "selfConfig": {
                "scale": 0.3219260259203459,
                "vertexSelf": 0.3915685036375697,
                "vertexOpp": 0.5510849136414694
            },
            "selfLambda": -0.027448833701292353,
            "oppConfig": {
                "scale": 0.16206382562665286,
                "vertexSelf": 0.9360967828303048,
                "vertexOpp": 0.5091466122260669
            },
            "oppLambda": -0.04114346336835278,
            "actTime": 114.388,
            "reviewTime": 14.882
        },
        {
            "kind": "normal",
            "trialNumber": 10,
            "oppReceiver": "opp",
            "selfConfig": {
                "scale": 0.4052186710000706,
                "vertexSelf": 0.7738160951574728,
                "vertexOpp": 0.48900908096347195
            },
            "selfLambda": -1.1796548287057114,
            "oppConfig": {
                "scale": 0.2761472456482724,
                "vertexSelf": 0.3517429920504649,
                "vertexOpp": 0.34244918566093485
            },
            "oppLambda": -1.1739624990187165,
            "actTime": 90.989,
            "reviewTime": 5.704
        },
        {
            "kind": "normal",
            "trialNumber": 11,
            "oppReceiver": "opp",
            "selfConfig": {
                "scale": 0.276487293192373,
                "vertexSelf": 0.7583906139039457,
                "vertexOpp": 0.37333428550992737
            },
            "selfLambda": -0.8439275273463368,
            "oppConfig": {
                "scale": 0.3690573507359928,
                "vertexSelf": 0.609200671001094,
                "vertexOpp": 0.3860539861206465
            },
            "oppLambda": -0.9211668838854641,
            "actTime": 89.931,
            "reviewTime": 8.323
        },
        {
            "kind": "normal",
            "trialNumber": 12,
            "oppReceiver": "opp",
            "selfConfig": {
                "scale": 0.4197881392551511,
                "vertexSelf": 0.9282922805024751,
                "vertexOpp": 0.5181600360690612
            },
            "selfLambda": -1.0552626369835039,