{
    "client": {
        "kind": "prolific",
        "workerId": "prolific-61633d80234ca24ece3124c1",
        "studyId": "6165e32e07eb7042c0e45c27",
        "sessionId": "6168860ba598223d6bd86f5d",
        "completionCode": "hpdgz4fp"
    },
    "config": {
        "minOppLambda": -1.25,
        "maxOppLambda": -0.75
    },
    "trials": [
        {
            "kind": "normal",
            "trialNumber": 1,
            "oppReceiver": "opp",
            "selfConfig": {
                "scale": 0.2196601130553341,
                "vertexSelf": 0.8862690727541651,
                "vertexOpp": 0.7339617354588777
            },
            "selfLambda": -2.7979141457948806,
            "oppConfig": {
                "scale": 0.3429183801787411,
                "vertexSelf": 0.37105542093610444,
                "vertexOpp": 0.34717843556708655
            },
            "oppLambda": -0.7941240257795017,
            "actTime": 18.286,
            "reviewTime": 1.219
        },
        {
            "kind": "normal",
            "trialNumber": 2,
            "oppReceiver": "opp",
            "selfConfig": {
                "scale": 0.27570329131251037,
                "vertexSelf": 0.6450953389446155,
                "vertexOpp": 0.39194033551759533
            },
            "selfLambda": 0.9047866679813683,
            "oppConfig": {
                "scale": 0.13494428815836923,
                "vertexSelf": 0.5808666293355117,
                "vertexOpp": 0.585507539579089
            },
            "oppLambda": -0.9713558217845782,
            "actTime": 21.715,
            "reviewTime": 2.408
        },
        {
            "kind": "normal",
            "trialNumber": 3,
            "oppReceiver": "self",
            "selfConfig": {
                "scale": 0.18576365484991825,
                "vertexSelf": 0.3164506261404589,
                "vertexOpp": 0.5975310768538854
            },
            "selfLambda": 0.026581336894014745,
            "oppConfig": {
                "scale": 0.38355408829314486,
                "vertexSelf": 0.4219641679690778,
                "vertexOpp": 0.4717202935427704
            },
            "oppLambda": 1.0892243307111178,
            "actTime": 10.106,
            "reviewTime": 3.855
        },
        {
            "kind": "normal",
            "trialNumber": 4,
            "oppReceiver": "opp",
            "selfConfig": {
                "scale": 0.18937575196562442,
                "vertexSelf": 0.6573699038090451,
                "vertexOpp": 0.2758571357849319
            },
            "selfLambda": 1.487091450940294,
            "oppConfig": {
                "scale": 0.1505862027473601,
                "vertexSelf": 0.3815777364790254,
                "vertexOpp": 0.3383787684520625
            },
            "oppLambda": -1.1487544657399196,
            "actTime": 10.256,
            "reviewTime": 1.554
        },
        {
            "kind": "normal",
            "trialNumber": 5,
            "oppReceiver": "opp",
            "selfConfig": {
                "scale": 0.28864662755194836,
                "vertexSelf": 0.9768731304096754,
                "vertexOpp": 0.4094352330012695
            },
            "selfLambda": 1.7823276568100739,
            "oppConfig": {
                "scale": 0.22659520796637908,
                "vertexSelf": 0.4454912832221647,
                "vertexOpp": 0.4489157581478776
            },
            "oppLambda": -1.043582362633618,
            "actTime": 5.849,
            "reviewTime": 1.096
        },
        {
            "kind": "memory",
            "trialNumber": 5,
            "selfLambda": 1.7823276568100739,
            "oppLambda": 1.568884974347408
        },
        {
            "kind": "normal",
            "trialNumber": 6,
            "oppReceiver": "opp",
            "selfConfig": {
                "scale": 0.2031543476830116,
                "vertexSelf": 0.9904593373727364,
                "vertexOpp": 0.5629297000137095
            },
            "selfLambda": 1.9729199557404522,
            "oppConfig": {
                "scale": 0.3462986458881111,
                "vertexSelf": 0.6987618787194481,
                "vertexOpp": 0.4161486192899991
            },
            "oppLambda": -1.2309717103907682,
            "actTime": 11.736,
            "reviewTime": 1.124
        },
        {
            "kind": "normal",
            "trialNumber": 7,
            "oppReceiver": "opp",
            "selfConfig": {
                "scale": 0.2204395572700829,
                "vertexSelf": 0.7939756705064039,
                "vertexOpp": 0.5238252671024736
            },
            "selfLambda": 1.3866966660337785,
            "oppConfig": {
                "scale": 0.3827580694636049,
                "vertexSelf": 0.8812570096926735,
                "vertexOpp": 0.5245023431467802
            },
            "oppLambda": -0.9077150832749086,
            "actTime": 9.728,
            "reviewTime": 1.441
        },
        {
            "kind": "normal",
            "trialNumber": 8,
            "oppReceiver": "opp",
            "selfConfig": {
                "scale": 0.20072237804876805,
                "vertexSelf": 0.33728440711518504,
                "vertexOpp": 0.4301855349793725
            },
            "selfLambda": 0.06457806797924112,
            "oppConfig": {
                "scale": 0.12389971145104815,
                "vertexSelf": 0.4675733967481684,
                "vertexOpp": 0.34890626311868833
            },
            "oppLambda": -1.2118253569457798,
            "actTime": 8.32,
            "reviewTime": 0.917
        },
        {
            "kind": "normal",
            "trialNumber": 9,
            "oppReceiver": "discard",
            "selfConfig": {
                "scale": 0.36543801373196005,
                "vertexSelf": 0.3669545247208913,
                "vertexOpp": 0.4185905927618736
            },
            "selfLambda": -0.02877237304817635,
            "oppConfig": {
                "scale": 0.2507711564055158,
                "vertexSelf": 0.8387848915394338,
                "vertexOpp": 0.5458296036967978
            },
            "oppLambda": 0.0732447745872063,
            "actTime": 10.118,
            "reviewTime": 1.513
        },
        {
            "kind": "normal",
            "trialNumber": 10,
            "oppReceiver": "opp",
            "selfConfig": {
                "scale": 0.3093644871946027,
                "vertexSelf": 0.5373652979058132,
                "vertexOpp": 0.6110330066529276
            },
            "selfLambda": -0.9764081716200474,
            "oppConfig": {
                "scale": 0.4899548723571394,
                "vertexSelf": 0.9145981303427975,
                "vertexOpp": 0.49780484672754144
            },
            "oppLambda": -0.7810485211087819,
            "actTime": 11.62,
            "reviewTime": 1.198
        },
        {
            "kind": "normal",
            "trialNumber": 11,
            "oppReceiver": "opp",
            "selfConfig": {
                "scale": 0.13041227040326772,
                "vertexSelf": 0.5677977060064013,
                "vertexOpp": 0.795719287562385
            },
            "selfLambda": -0.49667035362402784,
            "oppConfig": {
                "scale": 0.4150193540768474,
                "vertexSelf": 0.8505064764266352,
                "vertexOpp": 0.43331487210067765
            },
            "oppLambda": -1.2117833070117068,
            "actTime": 16.26,
            "reviewTime": 1.124
        },
        {
            "kind": "normal",
            "trialNumber": 12,
            "oppReceiver": "opp",
            "selfConfig": {
                "scale": 0.15339993215395475,
                "vertexSelf": 0.18051108438843363,
                "vertexOpp": 0.3319730105312164
            },
            "selfLambda": 0.06119502231252124,
            "oppConfig": {
                "scale": 0.14162556294176404,