{
    "client": {
        "kind": "sona",
        "surveyCode": "35509",
        "workerId": "sona-35509"
    },
    "config": {
        "minOppLambda": 0.75,
        "maxOppLambda": 1.25
    },
    "trials": [
        {
            "kind": "normal",
            "trialNumber": 1,
            "oppReceiver": "opp",
            "selfConfig": {
                "scale": 0.4876424843646151,
                "vertexSelf": 0.9214273462845004,
                "vertexOpp": 0.5016807793105396
            },
            "selfLambda": -1.2373031021020304,
            "oppConfig": {
                "scale": 0.13686239090950147,
                "vertexSelf": 0.9186648876568204,
                "vertexOpp": 0.6027053726625304
            },
            "oppLambda": 0.9048340484625302,
            "actTime": 16.76,
            "reviewTime": 1.67
        },
        {
            "kind": "normal",
            "trialNumber": 2,
            "oppReceiver": "opp",
            "selfConfig": {
                "scale": 0.11135662219097303,
                "vertexSelf": 0.9082277426798546,
                "vertexOpp": 0.6806278072304346
            },
            "selfLambda": -0.849423643903149,
            "oppConfig": {
                "scale": 0.12325326503734946,
                "vertexSelf": 0.9593076289378484,
                "vertexOpp": 0.4992553207695574
            },
            "oppLambda": 1.1818329893794757,
            "actTime": 14.593,
            "reviewTime": 1.452
        },
        {
            "kind": "normal",
            "trialNumber": 3,
            "oppReceiver": "self",
            "selfConfig": {
                "scale": 0.13749720156377984,
                "vertexSelf": 0.6308835905198604,
                "vertexOpp": 0.3185150504408558
            },
            "selfLambda": 0.3125147176057709,
            "oppConfig": {
                "scale": 0.4709534766054646,
                "vertexSelf": 0.5605884493149271,
                "vertexOpp": 0.5173144554932843
            },
            "oppLambda": 0.8319596267126421,
            "actTime": 9.479,
            "reviewTime": 3.395
        },
        {
            "kind": "normal",
            "trialNumber": 4,
            "oppReceiver": "opp",
            "selfConfig": {
                "scale": 0.108349826602932,
                "vertexSelf": 0.574239746641773,
                "vertexOpp": 0.5969688023106053
            },
            "selfLambda": -1.0515716378463258,
            "oppConfig": {
                "scale": 0.355178267732435,
                "vertexSelf": 0.7758403450946185,
                "vertexOpp": 0.4740008388994805
            },
            "oppLambda": 0.9902503315884758,
            "actTime": 19.59,
            "reviewTime": 1.684
        },
        {
            "kind": "normal",
            "trialNumber": 5,
            "oppReceiver": "opp",
            "selfConfig": {
                "scale": 0.14128599017173935,
                "vertexSelf": 0.4541543955858287,
                "vertexOpp": 0.7319034801508485
            },
            "selfLambda": -0.2156875351287244,
            "oppConfig": {
                "scale": 0.3809416406384486,
                "vertexSelf": 0.945385308540112,
                "vertexOpp": 0.5717657431420013
            },
            "oppLambda": 1.079558882155159,
            "actTime": 15.551,
            "reviewTime": 0.864
        },
        {
            "kind": "memory",
            "trialNumber": 5,
            "selfLambda": -1.5368848204346857,
            "oppLambda": -0.551785708168796
        },
        {
            "kind": "normal",
            "trialNumber": 6,
            "oppReceiver": "opp",
            "selfConfig": {
                "scale": 0.2736909586300058,
                "vertexSelf": 0.428028243069557,
                "vertexOpp": 0.6554735403391077
            },
            "selfLambda": -0.08871470995274128,
            "oppConfig": {
                "scale": 0.2922603418134001,
                "vertexSelf": 0.42533010380241515,
                "vertexOpp": 0.6481849339480036
            },
            "oppLambda": 0.8985250997889873,
            "actTime": 18.096,
            "reviewTime": 1.725
        },
        {
            "kind": "normal",
            "trialNumber": 7,
            "oppReceiver": "opp",
            "selfConfig": {
                "scale": 0.2745297945125448,
                "vertexSelf": 0.8543478523458407,
                "vertexOpp": 0.6837589450551111
            },
            "selfLambda": -0.7316190353771512,
            "oppConfig": {
                "scale": 0.4147733654332145,
                "vertexSelf": 0.5345680733074875,
                "vertexOpp": 0.5680231378822519
            },
            "oppLambda": 0.850979976819235,
            "actTime": 10.798,
            "reviewTime": 1.476
        },
        {
            "kind": "normal",
            "trialNumber": 8,
            "oppReceiver": "opp",
            "selfConfig": {
                "scale": 0.39845518315656026,
                "vertexSelf": 0.6299125737488327,
                "vertexOpp": 0.5136660919221223
            },
            "selfLambda": -0.7378467213849591,
            "oppConfig": {
                "scale": 0.21888431304825834,
                "vertexSelf": 0.901794300329599,
                "vertexOpp": 0.6912798818745575
            },
            "oppLambda": 1.0547092903389055,
            "actTime": 11.634,
            "reviewTime": 1.521
        },
        {
            "kind": "normal",
            "trialNumber": 9,
            "oppReceiver": "discard",
            "selfConfig": {
                "scale": 0.11655529978378842,
                "vertexSelf": 0.3073436614033141,
                "vertexOpp": 0.7243110471937731
            },
            "selfLambda": 3.1862807294165476,
            "oppConfig": {
                "scale": 0.31137034798692065,
                "vertexSelf": 0.694281411927246,
                "vertexOpp": 0.679787769731452
            },
            "oppLambda": -0.04912702541074894,
            "actTime": 8.521,
            "reviewTime": 3.125
        },
        {
            "kind": "normal",
            "trialNumber": 10,
            "oppReceiver": "opp",
            "selfConfig": {
                "scale": 0.3437636797234676,
                "vertexSelf": 0.5855634467609694,
                "vertexOpp": 0.37408328070465163
            },
            "selfLambda": 0.15078218452977135,
            "oppConfig": {
                "scale": 0.17682549798597585,
                "vertexSelf": 0.3598236181191028,
                "vertexOpp": 0.6808280550314458
            },
            "oppLambda": 0.787474568082359,
            "actTime": 6.3,
            "reviewTime": 5.226
        },
        {
            "kind": "normal",
            "trialNumber": 11,
            "oppReceiver": "opp",
            "selfConfig": {
                "scale": 0.31239050438604843,
                "vertexSelf": 0.899225253635317,
                "vertexOpp": 0.3700067099192679
            },
            "selfLambda": -0.02138376938931311,
            "oppConfig": {
                "scale": 0.3245863650984758,
                "vertexSelf": 0.6843798240348432,
                "vertexOpp": 0.3599952323174482
            },
            "oppLambda": 1.235980952474756,
            "actTime": 9.637,
            "reviewTime": 1.461
        },
        {
            "kind": "normal",
            "trialNumber": 12,
            "oppReceiver": "opp",
            "selfConfig": {
                "scale": 0.33436548982271647,
                "vertexSelf": 0.4080181816083712,
                "vertexOpp": 0.4333445750669284
            },
            "selfLambda": 2.173203291956803,
            "oppConfig": {
                "scale": 0.1678846614423623,
                "vertexSelf": 0.628482660596349,
                "vertexOpp": 0.519756352594683
            },
            "oppLambda": 0.9893443250675498,