{
    "client": {
        "kind": "sona",
        "surveyCode": "33428",
        "workerId": "sona-33428"
    },
    "config": {
        "minOppLambda": 0.75,
        "maxOppLambda": 1.25
    },
    "trials": [
        {
            "kind": "normal",
            "trialNumber": 1,
            "oppReceiver": "opp",
            "selfConfig": {
                "scale": 0.2681010267718758,
                "vertexSelf": 0.9334323260094535,
                "vertexOpp": 0.5028630873884791
            },
            "selfLambda": 0.22730420925079897,
            "oppConfig": {
                "scale": 0.27164731118339225,
                "vertexSelf": 0.4962528670117395,
                "vertexOpp": 0.7129393369218912
            },
            "oppLambda": 0.8930994424253015,
            "actTime": 4.715,
            "reviewTime": 0.572
        },
        {
            "kind": "normal",
            "trialNumber": 2,
            "oppReceiver": "opp",
            "selfConfig": {
                "scale": 0.13817216776763505,
                "vertexSelf": 0.9820711938017905,
                "vertexOpp": 0.2086177165070222
            },
            "selfLambda": 0.45424898516108614,
            "oppConfig": {
                "scale": 0.26175530064108576,
                "vertexSelf": 0.9972430918891024,
                "vertexOpp": 0.7251277843336321
            },
            "oppLambda": 1.09505824542777,
            "actTime": 6.067,
            "reviewTime": 1.107
        },
        {
            "kind": "normal",
            "trialNumber": 3,
            "oppReceiver": "self",
            "selfConfig": {
                "scale": 0.24331339765084722,
                "vertexSelf": 0.790955468074622,
                "vertexOpp": 0.5525115840230554
            },
            "selfLambda": 0.3903477279544633,
            "oppConfig": {
                "scale": 0.41968531309430324,
                "vertexSelf": 0.5176983606182058,
                "vertexOpp": 0.4855317002715853
            },
            "oppLambda": 1.1495549493432893,
            "actTime": 6.104,
            "reviewTime": 0.996
        },
        {
            "kind": "normal",
            "trialNumber": 4,
            "oppReceiver": "opp",
            "selfConfig": {
                "scale": 0.4706619374874398,
                "vertexSelf": 0.6367498911371673,
                "vertexOpp": 0.5255151440115544
            },
            "selfLambda": 0.06155099800834083,
            "oppConfig": {
                "scale": 0.27951304051558146,
                "vertexSelf": 0.398758621973634,
                "vertexOpp": 0.49857404346894696
            },
            "oppLambda": 0.9886772146578048,
            "actTime": 4.615,
            "reviewTime": 0.649
        },
        {
            "kind": "normal",
            "trialNumber": 5,
            "oppReceiver": "opp",
            "selfConfig": {
                "scale": 0.3305194296673519,
                "vertexSelf": 0.713936094814531,
                "vertexOpp": 0.5496609011321205
            },
            "selfLambda": -0.26016161596747844,
            "oppConfig": {
                "scale": 0.1638001501156187,
                "vertexSelf": 0.7607530534643875,
                "vertexOpp": 0.7786681094930619
            },
            "oppLambda": 1.214313607986162,
            "actTime": 7.422,
            "reviewTime": 0.419
        },
        {
            "kind": "memory",
            "trialNumber": 5,
            "selfLambda": -0.0987994431384558,
            "oppLambda": 1.2372624864557549
        },
        {
            "kind": "normal",
            "trialNumber": 6,
            "oppReceiver": "opp",
            "selfConfig": {
                "scale": 0.11374757315912004,
                "vertexSelf": 0.48211173888688297,
                "vertexOpp": 0.6292139697439458
            },
            "selfLambda": 0.24825784317413224,
            "oppConfig": {
                "scale": 0.18832731101544412,
                "vertexSelf": 0.8861051961947439,
                "vertexOpp": 0.7879451539602027
            },
            "oppLambda": 1.0195132130933449,
            "actTime": 4.81,
            "reviewTime": 0.649
        },
        {
            "kind": "normal",
            "trialNumber": 7,
            "oppReceiver": "opp",
            "selfConfig": {
                "scale": 0.23831733343908415,
                "vertexSelf": 0.7954002374303871,
                "vertexOpp": 0.3208216197898366
            },
            "selfLambda": 0.07702654337150565,
            "oppConfig": {
                "scale": 0.12438805643232903,
                "vertexSelf": 0.8907999381640828,
                "vertexOpp": 0.18979585553650447
            },
            "oppLambda": 0.9437498798175684,
            "actTime": 6.602,
            "reviewTime": 0.693
        },
        {
            "kind": "normal",
            "trialNumber": 8,
            "oppReceiver": "opp",
            "selfConfig": {
                "scale": 0.2961602403892723,
                "vertexSelf": 0.7296832504414271,
                "vertexOpp": 0.48278891822854886
            },
            "selfLambda": 0.18375918209469963,
            "oppConfig": {
                "scale": 0.15752820005756069,
                "vertexSelf": 0.2821611468054259,
                "vertexOpp": 0.841012031438032
            },
            "oppLambda": 0.9077141010392872,
            "actTime": 4.064,
            "reviewTime": 0.594
        },
        {
            "kind": "normal",
            "trialNumber": 9,
            "oppReceiver": "discard",
            "selfConfig": {
                "scale": 0.27000775231664786,
                "vertexSelf": 0.9568588579224686,
                "vertexOpp": 0.38569450812485195
            },
            "selfLambda": -0.06687097967170978,
            "oppConfig": {
                "scale": 0.11966909098726496,
                "vertexSelf": 0.13006567852579473,
                "vertexOpp": 0.3306532321908906
            },
            "oppLambda": -0.0933481621993046,
            "actTime": 11.008,
            "reviewTime": 0.806
        },
        {
            "kind": "normal",
            "trialNumber": 10,
            "oppReceiver": "opp",
            "selfConfig": {
                "scale": 0.22284366398792008,
                "vertexSelf": 0.8028289315117101,
                "vertexOpp": 0.4263422650400717
            },
            "selfLambda": -0.027004866576789823,
            "oppConfig": {
                "scale": 0.16991561917311754,
                "vertexSelf": 0.35185749022846186,
                "vertexOpp": 0.3310804387311479
            },
            "oppLambda": 0.886872664202455,
            "actTime": 3.829,
            "reviewTime": 0.626
        },
        {
            "kind": "normal",
            "trialNumber": 11,
            "oppReceiver": "opp",
            "selfConfig": {
                "scale": 0.49188706295409523,
                "vertexSelf": 0.5502413263420195,
                "vertexOpp": 0.49800409236231163
            },
            "selfLambda": 0.17075426780072733,
            "oppConfig": {
                "scale": 0.3672208709421404,
                "vertexSelf": 0.6349447124848734,
                "vertexOpp": 0.5717630892343614
            },
            "oppLambda": 0.9850688467808851,
            "actTime": 4.625,
            "reviewTime": 0.494
        },
        {
            "kind": "normal",
            "trialNumber": 12,
            "oppReceiver": "opp",
            "selfConfig": {
                "scale": 0.3385088922442635,
                "vertexSelf": 0.6081753639284528,
                "vertexOpp": 0.6590866261102386
            },
            "selfLambda": 0.025090668637622424,
            "oppConfig": {
                "scale": 0.20526531839338338,
                "vertexSelf": 0.7149066700857044,
                "vertexOpp": 0.25440823358123477
            },