{
    "client": {
        "kind": "sona",
        "surveyCode": "40912",
        "workerId": "sona-40912"
    },
    "config": {
        "minOppLambda": 0.75,
        "maxOppLambda": 1.25
    },
    "trials": [
        {
            "kind": "normal",
            "trialNumber": 1,
            "oppReceiver": "opp",
            "selfConfig": {
                "scale": 0.27168031088269223,
                "vertexSelf": 0.3522768572938959,
                "vertexOpp": 0.2936824676497038
            },
            "selfLambda": 0.3476052082571543,
            "oppConfig": {
                "scale": 0.465570877858305,
                "vertexSelf": 0.9568955705262102,
                "vertexOpp": 0.48207330888594097
            },
            "oppLambda": 1.0969760057560292,
            "actTime": 7.15,
            "reviewTime": 2.468
        },
        {
            "kind": "normal",
            "trialNumber": 2,
            "oppReceiver": "opp",
            "selfConfig": {
                "scale": 0.27155473225590426,
                "vertexSelf": 0.3993528660005975,
                "vertexOpp": 0.6126663879705521
            },
            "selfLambda": -0.09201148984931401,
            "oppConfig": {
                "scale": 0.35450659714064037,
                "vertexSelf": 0.6016142727028448,
                "vertexOpp": 0.5083410615740993
            },
            "oppLambda": 0.7960286109660796,
            "actTime": 19.874,
            "reviewTime": 1.496
        },
        {
            "kind": "normal",
            "trialNumber": 3,
            "oppReceiver": "self",
            "selfConfig": {
                "scale": 0.18845767539421177,
                "vertexSelf": 0.7399550729404561,
                "vertexOpp": 0.21660754881921312
            },
            "selfLambda": -0.015006224232222865,
            "oppConfig": {
                "scale": 0.3860578569548936,
                "vertexSelf": 0.8485124482607294,
                "vertexOpp": 0.44191619286763434
            },
            "oppLambda": 1.058386104407867,
            "actTime": 24.538,
            "reviewTime": 3.425
        },
        {
            "kind": "normal",
            "trialNumber": 4,
            "oppReceiver": "opp",
            "selfConfig": {
                "scale": 0.3166763429434061,
                "vertexSelf": 0.9960412866392644,
                "vertexOpp": 0.5120798115688577
            },
            "selfLambda": -0.08869619998614772,
            "oppConfig": {
                "scale": 0.38668257282454066,
                "vertexSelf": 0.6607357749570895,
                "vertexOpp": 0.5025960151666939
            },
            "oppLambda": 1.122162300628783,
            "actTime": 11.354,
            "reviewTime": 2.849
        },
        {
            "kind": "normal",
            "trialNumber": 5,
            "oppReceiver": "opp",
            "selfConfig": {
                "scale": 0.10921014284144102,
                "vertexSelf": 0.7659546766643462,
                "vertexOpp": 0.29068109464058267
            },
            "selfLambda": 0.20028299895415944,
            "oppConfig": {
                "scale": 0.26287655531242626,
                "vertexSelf": 0.9990448032481251,
                "vertexOpp": 0.4857935211151482
            },
            "oppLambda": 0.9735128259197642,
            "actTime": 10.304,
            "reviewTime": 1.317
        },
        {
            "kind": "memory",
            "trialNumber": 5,
            "selfLambda": 0.20028299895415944,
            "oppLambda": -1.7897731893367346
        },
        {
            "kind": "normal",
            "trialNumber": 6,
            "oppReceiver": "opp",
            "selfConfig": {
                "scale": 0.26816777727002283,
                "vertexSelf": 0.794241265653518,
                "vertexOpp": 0.6785176715713823
            },
            "selfLambda": 0.17744959275031671,
            "oppConfig": {
                "scale": 0.24340271974309796,
                "vertexSelf": 0.5297879335194906,
                "vertexOpp": 0.6521473619421603
            },
            "oppLambda": 0.8071528669296503,
            "actTime": 27.342,
            "reviewTime": 2.227
        },
        {
            "kind": "normal",
            "trialNumber": 7,
            "oppReceiver": "opp",
            "selfConfig": {
                "scale": 0.4781917781192474,
                "vertexSelf": 0.7606607936438557,
                "vertexOpp": 0.5011421448953635
            },
            "selfLambda": -0.012991973475655285,
            "oppConfig": {
                "scale": 0.4728984777873063,
                "vertexSelf": 0.6229949090920985,
                "vertexOpp": 0.5041361473071768
            },
            "oppLambda": 0.9659954137128068,
            "actTime": 12.145,
            "reviewTime": 6.402
        },
        {
            "kind": "normal",
            "trialNumber": 8,
            "oppReceiver": "opp",
            "selfConfig": {
                "scale": 0.3006982073004412,
                "vertexSelf": 0.3440336935410764,
                "vertexOpp": 0.3545806154143204
            },
            "selfLambda": -0.09098426203170254,
            "oppConfig": {
                "scale": 0.265572036186857,
                "vertexSelf": 0.42957472785551604,
                "vertexOpp": 0.3063088109857693
            },
            "oppLambda": 0.7674313280661723,
            "actTime": 18.85,
            "reviewTime": 1.815
        },
        {
            "kind": "normal",
            "trialNumber": 9,
            "oppReceiver": "discard",
            "selfConfig": {
                "scale": 0.3443190458339121,
                "vertexSelf": 0.7551258699104275,
                "vertexOpp": 0.4636377091431347
            },
            "selfLambda": 0.19980369206773663,
            "oppConfig": {
                "scale": 0.28912600194231064,
                "vertexSelf": 0.41174899854431524,
                "vertexOpp": 0.515700822497595
            },
            "oppLambda": -0.060410032513044554,
            "actTime": 13.576,
            "reviewTime": 2.833
        },
        {
            "kind": "normal",
            "trialNumber": 10,
            "oppReceiver": "opp",
            "selfConfig": {
                "scale": 0.28407983073902043,
                "vertexSelf": 0.8901747441884315,
                "vertexOpp": 0.5491111322936704
            },
            "selfLambda": 0.3594917513066462,
            "oppConfig": {
                "scale": 0.2239669343354617,
                "vertexSelf": 0.31604959068172545,
                "vertexOpp": 0.7581169389200871
            },
            "oppLambda": 0.804492291579066,
            "actTime": 7.957,
            "reviewTime": 4.628
        },
        {
            "kind": "normal",
            "trialNumber": 11,
            "oppReceiver": "opp",
            "selfConfig": {
                "scale": 0.13689901237106003,
                "vertexSelf": 0.7970383961132629,
                "vertexOpp": 0.4354392585121555
            },
            "selfLambda": -0.4628843273858706,
            "oppConfig": {
                "scale": 0.21714667678484334,
                "vertexSelf": 0.2391099764279416,
                "vertexOpp": 0.25336501564756614
            },
            "oppLambda": 1.2383027033208212,
            "actTime": 13.482,
            "reviewTime": 3.626
        },
        {
            "kind": "normal",
            "trialNumber": 12,
            "oppReceiver": "opp",
            "selfConfig": {
                "scale": 0.3198569789347497,
                "vertexSelf": 0.9167623912952441,
                "vertexOpp": 0.43316560507455715
            },
            "selfLambda": 1.6829096480923866,
            "oppConfig": {
                "scale": 0.10822708908684904,
                "vertexSelf": 0.41411523977624054,
                "vertexOpp": 0.44214905379525765
            },