{
    "client": {
        "kind": "sona",
        "surveyCode": "36142",
        "workerId": "sona-36142"
    },
    "config": {
        "minOppLambda": 0.75,
        "maxOppLambda": 1.25
    },
    "trials": [
        {
            "kind": "normal",
            "trialNumber": 1,
            "oppReceiver": "opp",
            "selfConfig": {
                "scale": 0.1916118235389651,
                "vertexSelf": 0.6925828398737544,
                "vertexOpp": 0.692871092613058
            },
            "selfLambda": -0.026375965832460064,
            "oppConfig": {
                "scale": 0.20766949844592128,
                "vertexSelf": 0.6064916295227107,
                "vertexOpp": 0.22517598019062027
            },
            "oppLambda": 1.0826942349316426,
            "actTime": 6.664,
            "reviewTime": 7.471
        },
        {
            "kind": "normal",
            "trialNumber": 2,
            "oppReceiver": "opp",
            "selfConfig": {
                "scale": 0.47201316242680336,
                "vertexSelf": 0.9505787289580233,
                "vertexOpp": 0.48049960001581565
            },
            "selfLambda": 1.2147147586309515,
            "oppConfig": {
                "scale": 0.42398037938487876,
                "vertexSelf": 0.643848294869519,
                "vertexOpp": 0.5383701329875575
            },
            "oppLambda": 1.1535988709735878,
            "actTime": 15.734,
            "reviewTime": 3.65
        },
        {
            "kind": "normal",
            "trialNumber": 3,
            "oppReceiver": "self",
            "selfConfig": {
                "scale": 0.38560451004944285,
                "vertexSelf": 0.4808691437623831,
                "vertexOpp": 0.5813617895183059
            },
            "selfLambda": -0.6303149562297196,
            "oppConfig": {
                "scale": 0.34497959025976155,
                "vertexSelf": 0.40122311258670135,
                "vertexOpp": 0.4915322612312832
            },
            "oppLambda": 1.0658017528982744,
            "actTime": 45.585,
            "reviewTime": 6.41
        },
        {
            "kind": "normal",
            "trialNumber": 4,
            "oppReceiver": "opp",
            "selfConfig": {
                "scale": 0.44483999261934204,
                "vertexSelf": 0.7783435477583498,
                "vertexOpp": 0.5399908773998139
            },
            "selfLambda": 0.7545005294833862,
            "oppConfig": {
                "scale": 0.4664381533811697,
                "vertexSelf": 0.5648938571900074,
                "vertexOpp": 0.5260329365185524
            },
            "oppLambda": 1.188738416143757,
            "actTime": 9.748,
            "reviewTime": 5.139
        },
        {
            "kind": "normal",
            "trialNumber": 5,
            "oppReceiver": "opp",
            "selfConfig": {
                "scale": 0.3694431284206948,
                "vertexSelf": 0.8923731979625223,
                "vertexOpp": 0.5388284496302069
            },
            "selfLambda": 1.1794733912938162,
            "oppConfig": {
                "scale": 0.2804516794404299,
                "vertexSelf": 0.9300490863213499,
                "vertexOpp": 0.6453858475945703
            },
            "oppLambda": 0.88952132796178,
            "actTime": 7.633,
            "reviewTime": 7.891
        },
        {
            "kind": "memory",
            "trialNumber": 5,
            "selfLambda": 1.1983805105574772,
            "oppLambda": 1.2919717584383026
        },
        {
            "kind": "normal",
            "trialNumber": 6,
            "oppReceiver": "opp",
            "selfConfig": {
                "scale": 0.12256394663411659,
                "vertexSelf": 0.9203944414806239,
                "vertexOpp": 0.8386799488451693
            },
            "selfLambda": -2.3065628723472402,
            "oppConfig": {
                "scale": 0.28093878809629597,
                "vertexSelf": 0.30892738586303725,
                "vertexOpp": 0.5044298953069178
            },
            "oppLambda": 0.7599953438734641,
            "actTime": 16.351,
            "reviewTime": 5.153
        },
        {
            "kind": "normal",
            "trialNumber": 7,
            "oppReceiver": "opp",
            "selfConfig": {
                "scale": 0.46221190820827673,
                "vertexSelf": 0.977840940736488,
                "vertexOpp": 0.4862180967209919
            },
            "selfLambda": 1.2761782462612707,
            "oppConfig": {
                "scale": 0.3378132455179371,
                "vertexSelf": 0.3754514119321455,
                "vertexOpp": 0.3965867073759404
            },
            "oppLambda": 0.7791351187091665,
            "actTime": 21.779,
            "reviewTime": 2.826
        },
        {
            "kind": "normal",
            "trialNumber": 8,
            "oppReceiver": "opp",
            "selfConfig": {
                "scale": 0.4866193025174135,
                "vertexSelf": 0.7224905421078099,
                "vertexOpp": 0.4955096876097645
            },
            "selfLambda": 0.7146412597191274,
            "oppConfig": {
                "scale": 0.43149819164336856,
                "vertexSelf": 0.5309325559537044,
                "vertexOpp": 0.5305166055109694
            },
            "oppLambda": 0.7860321122439732,
            "actTime": 6.848,
            "reviewTime": 1.796
        },
        {
            "kind": "normal",
            "trialNumber": 9,
            "oppReceiver": "discard",
            "selfConfig": {
                "scale": 0.16450162009898162,
                "vertexSelf": 0.8320224026696285,
                "vertexOpp": 0.763914822352145
            },
            "selfLambda": 0.6766346087115976,
            "oppConfig": {
                "scale": 0.24355027450422836,
                "vertexSelf": 0.9588425140331098,
                "vertexOpp": 0.25389138752731977
            },
            "oppLambda": -0.0461669992784334,
            "actTime": 8.002,
            "reviewTime": 7.334
        },
        {
            "kind": "normal",
            "trialNumber": 10,
            "oppReceiver": "opp",
            "selfConfig": {
                "scale": 0.2149376265835346,
                "vertexSelf": 0.6325614215867157,
                "vertexOpp": 0.6162933797751071
            },
            "selfLambda": 0.10407476763045159,
            "oppConfig": {
                "scale": 0.41296901485588866,
                "vertexSelf": 0.5007271699610278,
                "vertexOpp": 0.41736282540862485
            },
            "oppLambda": 1.213094461048644,
            "actTime": 6.078,
            "reviewTime": 3.126
        },
        {
            "kind": "normal",
            "trialNumber": 11,
            "oppReceiver": "opp",
            "selfConfig": {
                "scale": 0.3885113900391042,
                "vertexSelf": 0.5494463845251347,
                "vertexOpp": 0.40382791939999074
            },
            "selfLambda": 0.5400277309871818,
            "oppConfig": {
                "scale": 0.18403560654103324,
                "vertexSelf": 0.6890927986003296,
                "vertexOpp": 0.5691353824304682
            },
            "oppLambda": 1.1260017014486845,
            "actTime": 12.421,
            "reviewTime": 2.738
        },
        {
            "kind": "normal",
            "trialNumber": 12,
            "oppReceiver": "opp",
            "selfConfig": {
                "scale": 0.32329758666477326,
                "vertexSelf": 0.6640822250455095,
                "vertexOpp": 0.42349800497207574
            },
            "selfLambda": 0.9809970054127587,
            "oppConfig": {
                "scale": 0.21412363235732387,
                "vertexSelf": 0.3859039809453061,
                "vertexOpp": 0.7246380045914683
            },