{
    "client": {
        "kind": "sona",
        "surveyCode": "41118",
        "workerId": "sona-41118"
    },
    "config": {
        "minOppLambda": -0.25,
        "maxOppLambda": 0.25
    },
    "trials": [
        {
            "kind": "normal",
            "trialNumber": 1,
            "oppReceiver": "opp",
            "selfConfig": {
                "scale": 0.2818885906619998,
                "vertexSelf": 0.3943951430406994,
                "vertexOpp": 0.47186749793317656
            },
            "selfLambda": 0.0577001151250903,
            "oppConfig": {
                "scale": 0.23465156877316168,
                "vertexSelf": 0.6184311822662352,
                "vertexOpp": 0.34339496849972434
            },
            "oppLambda": 0.08608275057424453,
            "actTime": 3.126,
            "reviewTime": 8.404
        },
        {
            "kind": "normal",
            "trialNumber": 2,
            "oppReceiver": "opp",
            "selfConfig": {
                "scale": 0.20157811959787075,
                "vertexSelf": 0.7856650112782388,
                "vertexOpp": 0.5553175601729903
            },
            "selfLambda": 0.17874730845076683,
            "oppConfig": {
                "scale": 0.4347098340820096,
                "vertexSelf": 0.6527850445324667,
                "vertexOpp": 0.5271676756452766
            },
            "oppLambda": 0.2371200432311651,
            "actTime": 4.971,
            "reviewTime": 1.115
        },
        {
            "kind": "normal",
            "trialNumber": 3,
            "oppReceiver": "self",
            "selfConfig": {
                "scale": 0.4323779942166669,
                "vertexSelf": 0.8770110148498378,
                "vertexOpp": 0.4465889367406021
            },
            "selfLambda": -0.5547103306734966,
            "oppConfig": {
                "scale": 0.18748845561654282,
                "vertexSelf": 0.5452607539750001,
                "vertexOpp": 0.7438547125881353
            },
            "oppLambda": 0.9825388862832075,
            "actTime": 6.333,
            "reviewTime": 1.27
        },
        {
            "kind": "normal",
            "trialNumber": 4,
            "oppReceiver": "opp",
            "selfConfig": {
                "scale": 0.3168128031644146,
                "vertexSelf": 0.9937574102853759,
                "vertexOpp": 0.45770897891487805
            },
            "selfLambda": -0.7641251302927597,
            "oppConfig": {
                "scale": 0.29732104714690544,
                "vertexSelf": 0.44555454863229305,
                "vertexOpp": 0.5843090576969179
            },
            "oppLambda": -0.001102209949316535,
            "actTime": 3.723,
            "reviewTime": 1.093
        },
        {
            "kind": "normal",
            "trialNumber": 5,
            "oppReceiver": "opp",
            "selfConfig": {
                "scale": 0.20944489458908883,
                "vertexSelf": 0.9157567876623989,
                "vertexOpp": 0.2256818024101637
            },
            "selfLambda": -0.18157650279137086,
            "oppConfig": {
                "scale": 0.15426167271013363,
                "vertexSelf": 0.30802578373956013,
                "vertexOpp": 0.7399399967561
            },
            "oppLambda": -0.10974611678033686,
            "actTime": 6.96,
            "reviewTime": 2.574
        },
        {
            "kind": "memory",
            "trialNumber": 5,
            "selfLambda": -0.18157650279137086,
            "oppLambda": -0.21530511281271372
        },
        {
            "kind": "normal",
            "trialNumber": 6,
            "oppReceiver": "opp",
            "selfConfig": {
                "scale": 0.44869910201706564,
                "vertexSelf": 0.7000571354972596,
                "vertexOpp": 0.4894534124418736
            },
            "selfLambda": -0.19071464856009288,
            "oppConfig": {
                "scale": 0.19525915046689113,
                "vertexSelf": 0.9001952615576324,
                "vertexOpp": 0.1983550078740215
            },
            "oppLambda": -0.01569649042166299,
            "actTime": 11.956,
            "reviewTime": 1.328
        },
        {
            "kind": "normal",
            "trialNumber": 7,
            "oppReceiver": "opp",
            "selfConfig": {
                "scale": 0.2713976630477061,
                "vertexSelf": 0.5505561254185212,
                "vertexOpp": 0.5715318477202035
            },
            "selfLambda": -0.2569305915313522,
            "oppConfig": {
                "scale": 0.4412131817027768,
                "vertexSelf": 0.8315046623917179,
                "vertexOpp": 0.47041655444948277
            },
            "oppLambda": 0.10360462784918656,
            "actTime": 6.774,
            "reviewTime": 1.112
        },
        {
            "kind": "normal",
            "trialNumber": 8,
            "oppReceiver": "opp",
            "selfConfig": {
                "scale": 0.33161898767387044,
                "vertexSelf": 0.8467670937239046,
                "vertexOpp": 0.6450768160893285
            },
            "selfLambda": -0.2718590778261419,
            "oppConfig": {
                "scale": 0.2467754108659242,
                "vertexSelf": 0.4654200838981719,
                "vertexOpp": 0.6758524436165847
            },
            "oppLambda": 0.15676172145970757,
            "actTime": 8.212,
            "reviewTime": 0.913
        },
        {
            "kind": "normal",
            "trialNumber": 9,
            "oppReceiver": "discard",
            "selfConfig": {
                "scale": 0.36252433790763783,
                "vertexSelf": 0.6958727541723209,
                "vertexOpp": 0.4232273442511929
            },
            "selfLambda": 0.2580387072424572,
            "oppConfig": {
                "scale": 0.18276660621847318,
                "vertexSelf": 0.7568212982000996,
                "vertexOpp": 0.2993477558880496
            },
            "oppLambda": 0.0038357518789076533,
            "actTime": 6.59,
            "reviewTime": 1.75
        },
        {
            "kind": "normal",
            "trialNumber": 10,
            "oppReceiver": "opp",
            "selfConfig": {
                "scale": 0.31241092183656183,
                "vertexSelf": 0.5371684833479226,
                "vertexOpp": 0.45419346384280207
            },
            "selfLambda": -0.6883677212308741,
            "oppConfig": {
                "scale": 0.15717087230167603,
                "vertexSelf": 0.7543632524650675,
                "vertexOpp": 0.7846786413274731
            },
            "oppLambda": -0.04089801289470496,
            "actTime": 5.293,
            "reviewTime": 0.736
        },
        {
            "kind": "normal",
            "trialNumber": 11,
            "oppReceiver": "opp",
            "selfConfig": {
                "scale": 0.1444669750164863,
                "vertexSelf": 0.5897380967869001,
                "vertexOpp": 0.38822795976991953
            },
            "selfLambda": -0.2523477738471286,
            "oppConfig": {
                "scale": 0.2918699577837128,
                "vertexSelf": 0.3902654692353118,
                "vertexOpp": 0.48084182118803076
            },
            "oppLambda": 0.08516043337293566,
            "actTime": 3.103,
            "reviewTime": 2.701
        },
        {
            "kind": "normal",
            "trialNumber": 12,
            "oppReceiver": "opp",
            "selfConfig": {
                "scale": 0.4352372594749112,
                "vertexSelf": 0.7747435149724418,
                "vertexOpp": 0.47480480806780806
            },
            "selfLambda": -0.2977907183130018,
            "oppConfig": {
                "scale": 0.4905518989714318,
                "vertexSelf": 0.8094533825549901,
                "vertexOpp": 0.49886372442703053
            },