{
    "client": {
        "kind": "sona",
        "surveyCode": "40823",
        "workerId": "sona-40823"
    },
    "config": {
        "minOppLambda": -0.25,
        "maxOppLambda": 0.25
    },
    "trials": [
        {
            "kind": "normal",
            "trialNumber": 1,
            "oppReceiver": "opp",
            "selfConfig": {
                "scale": 0.48110794617607666,
                "vertexSelf": 0.6838180088518786,
                "vertexOpp": 0.4864437569636926
            },
            "selfLambda": 0.006157263710410111,
            "oppConfig": {
                "scale": 0.418654229460518,
                "vertexSelf": 0.6466706874350446,
                "vertexOpp": 0.4897230103809384
            },
            "oppLambda": 0.10263900429936645,
            "actTime": 5.806,
            "reviewTime": 1.196
        },
        {
            "kind": "normal",
            "trialNumber": 2,
            "oppReceiver": "opp",
            "selfConfig": {
                "scale": 0.3355353055510779,
                "vertexSelf": 0.36487402281520936,
                "vertexOpp": 0.5723223676618853
            },
            "selfLambda": -2.085606425080549,
            "oppConfig": {
                "scale": 0.4907786505510293,
                "vertexSelf": 0.5574884527874024,
                "vertexOpp": 0.4974678711008298
            },
            "oppLambda": -0.045464808605617635,
            "actTime": 13.297,
            "reviewTime": 0.912
        },
        {
            "kind": "normal",
            "trialNumber": 3,
            "oppReceiver": "self",
            "selfConfig": {
                "scale": 0.4609284633563061,
                "vertexSelf": 0.7906665065998828,
                "vertexOpp": 0.5350544981406643
            },
            "selfLambda": 0.5140564757718145,
            "oppConfig": {
                "scale": 0.1182566355790181,
                "vertexSelf": 0.5232357809980747,
                "vertexOpp": 0.7228423927392926
            },
            "oppLambda": 1.0183101275206345,
            "actTime": 7.133,
            "reviewTime": 1.819
        },
        {
            "kind": "normal",
            "trialNumber": 4,
            "oppReceiver": "opp",
            "selfConfig": {
                "scale": 0.30230597839798695,
                "vertexSelf": 0.9733991109563902,
                "vertexOpp": 0.44745330072689754
            },
            "selfLambda": -0.2115665883174835,
            "oppConfig": {
                "scale": 0.434648927130293,
                "vertexSelf": 0.5873727475587199,
                "vertexOpp": 0.556046052106837
            },
            "oppLambda": 0.17105039941275568,
            "actTime": 11.087,
            "reviewTime": 1.145
        },
        {
            "kind": "normal",
            "trialNumber": 5,
            "oppReceiver": "opp",
            "selfConfig": {
                "scale": 0.2948277001087678,
                "vertexSelf": 0.7979923950208656,
                "vertexOpp": 0.5740920327807683
            },
            "selfLambda": 0.14098854908808045,
            "oppConfig": {
                "scale": 0.4151369007559361,
                "vertexSelf": 0.8455814565050082,
                "vertexOpp": 0.4433979140579785
            },
            "oppLambda": -0.15432169143928876,
            "actTime": 6.884,
            "reviewTime": 1.087
        },
        {
            "kind": "memory",
            "trialNumber": 5,
            "selfLambda": -0.13985551270617913,
            "oppLambda": -0.11790573257883505
        },
        {
            "kind": "normal",
            "trialNumber": 6,
            "oppReceiver": "opp",
            "selfConfig": {
                "scale": 0.4493958388320559,
                "vertexSelf": 0.6497237589142171,
                "vertexOpp": 0.5417215114104519
            },
            "selfLambda": -0.48508240025756016,
            "oppConfig": {
                "scale": 0.10841363404045588,
                "vertexSelf": 0.2081686186343304,
                "vertexOpp": 0.26208419402150807
            },
            "oppLambda": -0.21835599870528977,
            "actTime": 16.062,
            "reviewTime": 5.342
        },
        {
            "kind": "normal",
            "trialNumber": 7,
            "oppReceiver": "opp",
            "selfConfig": {
                "scale": 0.43183814070938964,
                "vertexSelf": 0.8494853119133274,
                "vertexOpp": 0.4558968062132165
            },
            "selfLambda": -0.10731938058044455,
            "oppConfig": {
                "scale": 0.15045927488834057,
                "vertexSelf": 0.9570083335025391,
                "vertexOpp": 0.5017835225149159
            },
            "oppLambda": -0.16626123491393907,
            "actTime": 9.399,
            "reviewTime": 2.267
        },
        {
            "kind": "normal",
            "trialNumber": 8,
            "oppReceiver": "opp",
            "selfConfig": {
                "scale": 0.41496541944995613,
                "vertexSelf": 0.5887110910843066,
                "vertexOpp": 0.5213746549448183
            },
            "selfLambda": -0.6434294191374655,
            "oppConfig": {
                "scale": 0.19886926774443678,
                "vertexSelf": 0.7604484418295124,
                "vertexOpp": 0.3504831876977885
            },
            "oppLambda": -0.05264517151731429,
            "actTime": 13.392,
            "reviewTime": 2.09
        },
        {
            "kind": "normal",
            "trialNumber": 9,
            "oppReceiver": "discard",
            "selfConfig": {
                "scale": 0.3940672070861314,
                "vertexSelf": 0.8130674281502255,
                "vertexOpp": 0.47532910708622983
            },
            "selfLambda": -0.23373996261887495,
            "oppConfig": {
                "scale": 0.19317278425767626,
                "vertexSelf": 0.5165172155099498,
                "vertexOpp": 0.38981290610390207
            },
            "oppLambda": -0.08722765103103934,
            "actTime": 7.642,
            "reviewTime": 1.378
        },
        {
            "kind": "normal",
            "trialNumber": 10,
            "oppReceiver": "opp",
            "selfConfig": {
                "scale": 0.12131818791364415,
                "vertexSelf": 0.14103627715745998,
                "vertexOpp": 0.8150136070806595
            },
            "selfLambda": -1.1834469321201915,
            "oppConfig": {
                "scale": 0.2773278532033787,
                "vertexSelf": 0.29734080334144664,
                "vertexOpp": 0.5339251996466903
            },
            "oppLambda": 0.17528434404099613,
            "actTime": 7.253,
            "reviewTime": 1.689
        },
        {
            "kind": "normal",
            "trialNumber": 11,
            "oppReceiver": "opp",
            "selfConfig": {
                "scale": 0.25597435470587837,
                "vertexSelf": 0.9006993136545562,
                "vertexOpp": 0.7084727621675492
            },
            "selfLambda": -0.1058412972699272,
            "oppConfig": {
                "scale": 0.35932634276450526,
                "vertexSelf": 0.3701374465166629,
                "vertexOpp": 0.5060607083091915
            },
            "oppLambda": 0.10171325266277775,
            "actTime": 7.079,
            "reviewTime": 1.118
        },
        {
            "kind": "normal",
            "trialNumber": 12,
            "oppReceiver": "opp",
            "selfConfig": {
                "scale": 0.1311817002001238,
                "vertexSelf": 0.666681072197499,
                "vertexOpp": 0.3527710192250901
            },
            "selfLambda": 0.061791057802012286,
            "oppConfig": {
                "scale": 0.41327089495484315,
                "vertexSelf": 0.48413341541182464,
                "vertexOpp": 0.5226138635340759
            },