{
    "client": {
        "kind": "sona",
        "surveyCode": "36966",
        "workerId": "sona-36966"
    },
    "config": {
        "minOppLambda": -0.25,
        "maxOppLambda": 0.25
    },
    "trials": [
        {
            "kind": "normal",
            "trialNumber": 1,
            "oppReceiver": "opp",
            "selfConfig": {
                "scale": 0.3414415046067457,
                "vertexSelf": 0.5396566868661341,
                "vertexOpp": 0.34284112755502405
            },
            "selfLambda": 0.8388561587508216,
            "oppConfig": {
                "scale": 0.43567717577788934,
                "vertexSelf": 0.5073402376977255,
                "vertexOpp": 0.5350629556383366
            },
            "oppLambda": -0.07893943135720394,
            "actTime": 5.301,
            "reviewTime": 2.209
        },
        {
            "kind": "normal",
            "trialNumber": 2,
            "oppReceiver": "opp",
            "selfConfig": {
                "scale": 0.3264650857874585,
                "vertexSelf": 0.6959490316428756,
                "vertexOpp": 0.4171447545351339
            },
            "selfLambda": 0.785312637576536,
            "oppConfig": {
                "scale": 0.25495403663238425,
                "vertexSelf": 0.45742393356922006,
                "vertexOpp": 0.4678068514331178
            },
            "oppLambda": 0.0668331106510821,
            "actTime": 3.744,
            "reviewTime": 1.518
        },
        {
            "kind": "normal",
            "trialNumber": 3,
            "oppReceiver": "self",
            "selfConfig": {
                "scale": 0.19012689802794105,
                "vertexSelf": 0.3345276305750444,
                "vertexOpp": 0.6882163016095868
            },
            "selfLambda": -0.696009036539178,
            "oppConfig": {
                "scale": 0.3265876503881383,
                "vertexSelf": 0.5533136053604731,
                "vertexOpp": 0.3814100514917497
            },
            "oppLambda": 0.9281270109637965,
            "actTime": 25.631,
            "reviewTime": 8.775
        },
        {
            "kind": "normal",
            "trialNumber": 4,
            "oppReceiver": "opp",
            "selfConfig": {
                "scale": 0.4081302565243735,
                "vertexSelf": 0.41575348637120796,
                "vertexOpp": 0.4893532352828601
            },
            "selfLambda": -0.27250930138255725,
            "oppConfig": {
                "scale": 0.44658617184742866,
                "vertexSelf": 0.7901339542881374,
                "vertexOpp": 0.47170708141225726
            },
            "oppLambda": 0.04304589070867437,
            "actTime": 11.454,
            "reviewTime": 1.563
        },
        {
            "kind": "normal",
            "trialNumber": 5,
            "oppReceiver": "opp",
            "selfConfig": {
                "scale": 0.4592090889417334,
                "vertexSelf": 0.5279079022815982,
                "vertexOpp": 0.5196654101944523
            },
            "selfLambda": -0.009710229227791986,
            "oppConfig": {
                "scale": 0.38647437885483193,
                "vertexSelf": 0.44607720840973,
                "vertexOpp": 0.574014814977779
            },
            "oppLambda": -0.15927351129451162,
            "actTime": 6.612,
            "reviewTime": 1.14
        },
        {
            "kind": "memory",
            "trialNumber": 5,
            "selfLambda": -0.024897992585070958,
            "oppLambda": -0.31084128892085217
        },
        {
            "kind": "normal",
            "trialNumber": 6,
            "oppReceiver": "opp",
            "selfConfig": {
                "scale": 0.2295572045472093,
                "vertexSelf": 0.8337087800643971,
                "vertexOpp": 0.283960981093871
            },
            "selfLambda": 0.3935160660579075,
            "oppConfig": {
                "scale": 0.4209329657989811,
                "vertexSelf": 0.7761814986578013,
                "vertexOpp": 0.5295531303036588
            },
            "oppLambda": 0.030492230615157156,
            "actTime": 8.478,
            "reviewTime": 1.492
        },
        {
            "kind": "normal",
            "trialNumber": 7,
            "oppReceiver": "opp",
            "selfConfig": {
                "scale": 0.4066826112128875,
                "vertexSelf": 0.8714489955538964,
                "vertexOpp": 0.5831187865312745
            },
            "selfLambda": 0.054268657268924214,
            "oppConfig": {
                "scale": 0.4522375039558958,
                "vertexSelf": 0.8634092985877279,
                "vertexOpp": 0.5039514471105335
            },
            "oppLambda": -0.18175641253786046,
            "actTime": 9.637,
            "reviewTime": 1.146
        },
        {
            "kind": "normal",
            "trialNumber": 8,
            "oppReceiver": "opp",
            "selfConfig": {
                "scale": 0.15757978250200175,
                "vertexSelf": 0.8417928772840795,
                "vertexOpp": 0.5359493452624118
            },
            "selfLambda": -0.05793547630691075,
            "oppConfig": {
                "scale": 0.22197704548961347,
                "vertexSelf": 0.8715697672023102,
                "vertexOpp": 0.45451584728696504
            },
            "oppLambda": 0.055517860424930565,
            "actTime": 10.593,
            "reviewTime": 1.736
        },
        {
            "kind": "normal",
            "trialNumber": 9,
            "oppReceiver": "discard",
            "selfConfig": {
                "scale": 0.2879769008525459,
                "vertexSelf": 0.3624724630381895,
                "vertexOpp": 0.6219640783635697
            },
            "selfLambda": -1.9610901703425971,
            "oppConfig": {
                "scale": 0.3770159904174809,
                "vertexSelf": 0.6796275531282405,
                "vertexOpp": 0.43941871329537296
            },
            "oppLambda": -0.04699181323419502,
            "actTime": 18.38,
            "reviewTime": 2.152
        },
        {
            "kind": "normal",
            "trialNumber": 10,
            "oppReceiver": "opp",
            "selfConfig": {
                "scale": 0.3399306821796797,
                "vertexSelf": 0.9841052412379697,
                "vertexOpp": 0.5664764206569953
            },
            "selfLambda": 0.12180757788464996,
            "oppConfig": {
                "scale": 0.4483214173593114,
                "vertexSelf": 0.8518266907765845,
                "vertexOpp": 0.48707785594997716
            },
            "oppLambda": 0.00388159725043169,
            "actTime": 9.799,
            "reviewTime": 5.293
        },
        {
            "kind": "normal",
            "trialNumber": 11,
            "oppReceiver": "opp",
            "selfConfig": {
                "scale": 0.4183728396706895,
                "vertexSelf": 0.7643253150491662,
                "vertexOpp": 0.5641288951115635
            },
            "selfLambda": -0.023169973621266757,
            "oppConfig": {
                "scale": 0.15258652519882787,
                "vertexSelf": 0.8012483656201095,
                "vertexOpp": 0.27827604961837116
            },
            "oppLambda": 0.1462382765948399,
            "actTime": 3.66,
            "reviewTime": 7.556
        },
        {
            "kind": "normal",
            "trialNumber": 12,
            "oppReceiver": "opp",
            "selfConfig": {
                "scale": 0.35824225545202293,
                "vertexSelf": 0.931219814033127,
                "vertexOpp": 0.5802335635431096
            },
            "selfLambda": 0.11665090461610193,
            "oppConfig": {
                "scale": 0.4923212378979599,
                "vertexSelf": 0.883740243721627,
                "vertexOpp": 0.5055808158072749
            },