{
    "client": {
        "kind": "sona",
        "surveyCode": "40459",
        "workerId": "sona-40459"
    },
    "config": {
        "minOppLambda": -0.25,
        "maxOppLambda": 0.25
    },
    "trials": [
        {
            "kind": "normal",
            "trialNumber": 1,
            "oppReceiver": "opp",
            "selfConfig": {
                "scale": 0.40959912451080516,
                "vertexSelf": 0.7758030568203467,
                "vertexOpp": 0.4784142758131311
            },
            "selfLambda": -0.644672928938223,
            "oppConfig": {
                "scale": 0.22995551462353614,
                "vertexSelf": 0.5591443412062852,
                "vertexOpp": 0.5969911959273573
            },
            "oppLambda": 0.15675884538597007,
            "actTime": 13.54,
            "reviewTime": 5.889
        },
        {
            "kind": "normal",
            "trialNumber": 2,
            "oppReceiver": "opp",
            "selfConfig": {
                "scale": 0.4363405145634637,
                "vertexSelf": 0.6197959814916445,
                "vertexOpp": 0.504594003512061
            },
            "selfLambda": -0.615633316326091,
            "oppConfig": {
                "scale": 0.18716654435821295,
                "vertexSelf": 0.406961011104247,
                "vertexOpp": 0.5103994267813996
            },
            "oppLambda": -0.14988327347048136,
            "actTime": 12.85,
            "reviewTime": 3.446
        },
        {
            "kind": "normal",
            "trialNumber": 3,
            "oppReceiver": "self",
            "selfConfig": {
                "scale": 0.4309317589513303,
                "vertexSelf": 0.9995996052930572,
                "vertexOpp": 0.5185171403167609
            },
            "selfLambda": 0.05664818614996862,
            "oppConfig": {
                "scale": 0.4906021424544609,
                "vertexSelf": 0.8996842289191536,
                "vertexOpp": 0.49839639082205356
            },
            "oppLambda": 1.196458737929785,
            "actTime": 14.778,
            "reviewTime": 4.329
        },
        {
            "kind": "normal",
            "trialNumber": 4,
            "oppReceiver": "opp",
            "selfConfig": {
                "scale": 0.16807864456519067,
                "vertexSelf": 0.38095326876597646,
                "vertexOpp": 0.3800856760304093
            },
            "selfLambda": -1.9445541078284845,
            "oppConfig": {
                "scale": 0.45701832469145653,
                "vertexSelf": 0.7187389714739678,
                "vertexOpp": 0.5204880776855612
            },
            "oppLambda": -0.2486879362724278,
            "actTime": 20.965,
            "reviewTime": 1.692
        },
        {
            "kind": "normal",
            "trialNumber": 5,
            "oppReceiver": "opp",
            "selfConfig": {
                "scale": 0.29376235222856,
                "vertexSelf": 0.6613757253091678,
                "vertexOpp": 0.5662996300178187
            },
            "selfLambda": -1.1253696241168054,
            "oppConfig": {
                "scale": 0.32460854721374766,
                "vertexSelf": 0.5872337124455165,
                "vertexOpp": 0.36707495568365756
            },
            "oppLambda": 0.05466430786573573,
            "actTime": 12.428,
            "reviewTime": 6.167
        },
        {
            "kind": "memory",
            "trialNumber": 5,
            "selfLambda": -1.3345379626271225,
            "oppLambda": 0.08285137766813962
        },
        {
            "kind": "normal",
            "trialNumber": 6,
            "oppReceiver": "opp",
            "selfConfig": {
                "scale": 0.43994793205210525,
                "vertexSelf": 0.9115892445669354,
                "vertexOpp": 0.5324173876147963
            },
            "selfLambda": -0.1163323044092313,
            "oppConfig": {
                "scale": 0.4407815353181429,
                "vertexSelf": 0.7390360713139995,
                "vertexOpp": 0.532154659441239
            },
            "oppLambda": -0.06958570487076865,
            "actTime": 11.353,
            "reviewTime": 2.922
        },
        {
            "kind": "normal",
            "trialNumber": 7,
            "oppReceiver": "opp",
            "selfConfig": {
                "scale": 0.450785555783084,
                "vertexSelf": 0.750501084809521,
                "vertexOpp": 0.46477827457731685
            },
            "selfLambda": -0.11634826082344989,
            "oppConfig": {
                "scale": 0.4568977020178576,
                "vertexSelf": 0.9613686069146222,
                "vertexOpp": 0.5358209822294147
            },
            "oppLambda": 0.22798770364979348,
            "actTime": 10.946,
            "reviewTime": 13.599
        },
        {
            "kind": "normal",
            "trialNumber": 8,
            "oppReceiver": "opp",
            "selfConfig": {
                "scale": 0.23396667710437324,
                "vertexSelf": 0.604833197185528,
                "vertexOpp": 0.44072982009824724
            },
            "selfLambda": -0.5730306709606932,
            "oppConfig": {
                "scale": 0.1558945766291916,
                "vertexSelf": 0.5132476116993341,
                "vertexOpp": 0.8127555182932868
            },
            "oppLambda": -0.0660998359976599,
            "actTime": 17.111,
            "reviewTime": 2.461
        },
        {
            "kind": "normal",
            "trialNumber": 9,
            "oppReceiver": "discard",
            "selfConfig": {
                "scale": 0.23838962029217603,
                "vertexSelf": 0.405530902523244,
                "vertexOpp": 0.33295225525266936
            },
            "selfLambda": -0.40280693561808084,
            "oppConfig": {
                "scale": 0.12369719021996338,
                "vertexSelf": 0.5912595089949084,
                "vertexOpp": 0.19698296255543335
            },
            "oppLambda": -0.05751181486088926,
            "actTime": 7.965,
            "reviewTime": 11.662
        },
        {
            "kind": "normal",
            "trialNumber": 10,
            "oppReceiver": "opp",
            "selfConfig": {
                "scale": 0.4180922726720656,
                "vertexSelf": 0.6860523340697431,
                "vertexOpp": 0.5218267122249415
            },
            "selfLambda": -0.0880813103231398,
            "oppConfig": {
                "scale": 0.1634614943326212,
                "vertexSelf": 0.7012788904530052,
                "vertexOpp": 0.7708401361946433
            },
            "oppLambda": 0.06335263791820267,
            "actTime": 10.719,
            "reviewTime": 1.426
        },
        {
            "kind": "normal",
            "trialNumber": 11,
            "oppReceiver": "opp",
            "selfConfig": {
                "scale": 0.36452594231354996,
                "vertexSelf": 0.5438201939196305,
                "vertexOpp": 0.5122099150107967
            },
            "selfLambda": -0.048261368376117136,
            "oppConfig": {
                "scale": 0.3696375577028336,
                "vertexSelf": 0.4402414679341378,
                "vertexOpp": 0.3878956369402444
            },
            "oppLambda": -0.24829363505834745,
            "actTime": 8.716,
            "reviewTime": 3.119
        },
        {
            "kind": "normal",
            "trialNumber": 12,
            "oppReceiver": "opp",
            "selfConfig": {
                "scale": 0.2819853786876019,
                "vertexSelf": 0.357019238384484,
                "vertexOpp": 0.5939730653612623
            },
            "selfLambda": -0.3275481935805647,
            "oppConfig": {
                "scale": 0.40911810605612486,
                "vertexSelf": 0.6233101004820416,
                "vertexOpp": 0.4992546644358601
            },