{
    "client": {
        "kind": "sona",
        "surveyCode": "30096",
        "workerId": "sona-30096"
    },
    "config": {
        "minOppLambda": -0.25,
        "maxOppLambda": 0.25
    },
    "trials": [
        {
            "kind": "normal",
            "trialNumber": 1,
            "oppReceiver": "opp",
            "selfConfig": {
                "scale": 0.4699360697909234,
                "vertexSelf": 0.8217837602160295,
                "vertexOpp": 0.49555856733336223
            },
            "selfLambda": 0.28844249401891797,
            "oppConfig": {
                "scale": 0.1258542456556561,
                "vertexSelf": 0.957571006198763,
                "vertexOpp": 0.26987331300936335
            },
            "oppLambda": -0.050088034082981014,
            "actTime": 15.223,
            "reviewTime": 2.467
        },
        {
            "kind": "normal",
            "trialNumber": 2,
            "oppReceiver": "opp",
            "selfConfig": {
                "scale": 0.15842866153576676,
                "vertexSelf": 0.7970437657083288,
                "vertexOpp": 0.6262769770184802
            },
            "selfLambda": 0.04699936167395219,
            "oppConfig": {
                "scale": 0.3667149915618986,
                "vertexSelf": 0.7110637117229579,
                "vertexOpp": 0.625797051820379
            },
            "oppLambda": 0.16206375533337847,
            "actTime": 18.889,
            "reviewTime": 4.474
        },
        {
            "kind": "normal",
            "trialNumber": 3,
            "oppReceiver": "self",
            "selfConfig": {
                "scale": 0.49706338040150977,
                "vertexSelf": 0.9267144470588446,
                "vertexOpp": 0.49938470603993945
            },
            "selfLambda": 0.39142678564711963,
            "oppConfig": {
                "scale": 0.3486805499965334,
                "vertexSelf": 0.6005643290771863,
                "vertexOpp": 0.3530289551283544
            },
            "oppLambda": 0.9348514182283877,
            "actTime": 19.461,
            "reviewTime": 1.268
        },
        {
            "kind": "normal",
            "trialNumber": 4,
            "oppReceiver": "opp",
            "selfConfig": {
                "scale": 0.3161304587058454,
                "vertexSelf": 0.776684416506233,
                "vertexOpp": 0.45422553576027047
            },
            "selfLambda": 0.05762050015900144,
            "oppConfig": {
                "scale": 0.3257811407362035,
                "vertexSelf": 0.817516159361867,
                "vertexOpp": 0.5101887666850873
            },
            "oppLambda": 0.0007006967367659822,
            "actTime": 13.427,
            "reviewTime": 1.777
        },
        {
            "kind": "normal",
            "trialNumber": 5,
            "oppReceiver": "opp",
            "selfConfig": {
                "scale": 0.34740515274242945,
                "vertexSelf": 0.6433941183384111,
                "vertexOpp": 0.5412294303110919
            },
            "selfLambda": 0.2232008902738009,
            "oppConfig": {
                "scale": 0.284084016708935,
                "vertexSelf": 0.5122752148736546,
                "vertexOpp": 0.36346157331630585
            },
            "oppLambda": -0.10026191495468517,
            "actTime": 15.881,
            "reviewTime": 7.17
        },
        {
            "kind": "memory",
            "trialNumber": 5,
            "selfLambda": 0.012112100270437,
            "oppLambda": -0.21210795547037858
        },
        {
            "kind": "normal",
            "trialNumber": 6,
            "oppReceiver": "opp",
            "selfConfig": {
                "scale": 0.4796522551797945,
                "vertexSelf": 0.9042145864172249,
                "vertexOpp": 0.4968087369749613
            },
            "selfLambda": -1.6545684198908652,
            "oppConfig": {
                "scale": 0.4222409466683853,
                "vertexSelf": 0.6929198904440512,
                "vertexOpp": 0.5572207199702472
            },
            "oppLambda": 0.12810250564555536,
            "actTime": 12.326,
            "reviewTime": 1.082
        },
        {
            "kind": "normal",
            "trialNumber": 7,
            "oppReceiver": "opp",
            "selfConfig": {
                "scale": 0.2757635910702635,
                "vertexSelf": 0.4350828722545965,
                "vertexOpp": 0.6524321557501647
            },
            "selfLambda": -1.202228970402852,
            "oppConfig": {
                "scale": 0.14041333022669822,
                "vertexSelf": 0.8524655427147831,
                "vertexOpp": 0.4307597779024593
            },
            "oppLambda": 0.22024001264664972,
            "actTime": 36.329,
            "reviewTime": 1.487
        },
        {
            "kind": "normal",
            "trialNumber": 8,
            "oppReceiver": "opp",
            "selfConfig": {
                "scale": 0.48924188940710545,
                "vertexSelf": 0.8808019803908274,
                "vertexOpp": 0.49748028985547443
            },
            "selfLambda": -0.1940974020561243,
            "oppConfig": {
                "scale": 0.37891216664874006,
                "vertexSelf": 0.8851179626203933,
                "vertexOpp": 0.47703834192771466
            },
            "oppLambda": -0.04349286140809694,
            "actTime": 16.454,
            "reviewTime": 1.258
        },
        {
            "kind": "normal",
            "trialNumber": 9,
            "oppReceiver": "discard",
            "selfConfig": {
                "scale": 0.10727395703427388,
                "vertexSelf": 0.7878960113253561,
                "vertexOpp": 0.22466252562404374
            },
            "selfLambda": -0.2733659879696446,
            "oppConfig": {
                "scale": 0.3561712396540585,
                "vertexSelf": 0.3775241558576754,
                "vertexOpp": 0.5082153798115072
            },
            "oppLambda": -0.07552176561169995,
            "actTime": 9.4,
            "reviewTime": 4.369
        },
        {
            "kind": "normal",
            "trialNumber": 10,
            "oppReceiver": "opp",
            "selfConfig": {
                "scale": 0.22950189320811276,
                "vertexSelf": 0.7885382316067572,
                "vertexOpp": 0.6346818051385631
            },
            "selfLambda": -1.3189300505507087,
            "oppConfig": {
                "scale": 0.2506298732723652,
                "vertexSelf": 0.9132753813095477,
                "vertexOpp": 0.29004530930506134
            },
            "oppLambda": 0.04250266487938115,
            "actTime": 15.31,
            "reviewTime": 1.696
        },
        {
            "kind": "normal",
            "trialNumber": 11,
            "oppReceiver": "opp",
            "selfConfig": {
                "scale": 0.3753454156378315,
                "vertexSelf": 0.5060479121737181,
                "vertexOpp": 0.5082440534987279
            },
            "selfLambda": -0.5057246803140569,
            "oppConfig": {
                "scale": 0.2589690134587782,
                "vertexSelf": 0.37696679769339203,
                "vertexOpp": 0.7320745077371659
            },
            "oppLambda": 0.2347544533659638,
            "actTime": 19.864,
            "reviewTime": 1.422
        },
        {
            "kind": "normal",
            "trialNumber": 12,
            "oppReceiver": "opp",
            "selfConfig": {
                "scale": 0.4227291889561665,
                "vertexSelf": 0.7600299093523215,
                "vertexOpp": 0.4729584263975265
            },
            "selfLambda": -0.28209593575226616,
            "oppConfig": {
                "scale": 0.27068657425772297,
                "vertexSelf": 0.6488466688502563,
                "vertexOpp": 0.6335102865924526
            },