{
    "client": {
        "kind": "mturk",
        "workerId": "A133HSQ3JQ0GM3",
        "assignmentId": "3P1L2B7AD1PFB7FJMFLIK1J40VQLOS",
        "turkSubmitTo": "https:\/\/www.mturk.com\/mturk\/externalSubmit"
    },
    "config": {
        "minOppLambda": -1.25,
        "maxOppLambda": -0.75
    },
    "trials": [
        {
            "kind": "normal",
            "trialNumber": 1,
            "oppReceiver": "opp",
            "selfConfig": {
                "scale": 0.28507081874006734,
                "vertexSelf": 0.6881052325886728,
                "vertexOpp": 0.607376470459686
            },
            "selfLambda": 0.158722170443847,
            "oppConfig": {
                "scale": 0.17715879059577483,
                "vertexSelf": 0.3134678053436052,
                "vertexOpp": 0.18282473566394733
            },
            "oppLambda": -1.227060386368476,
            "actTime": 3.575,
            "reviewTime": 1.208
        },
        {
            "kind": "normal",
            "trialNumber": 2,
            "oppReceiver": "opp",
            "selfConfig": {
                "scale": 0.12456095947262168,
                "vertexSelf": 0.4797069093158127,
                "vertexOpp": 0.6352317526831189
            },
            "selfLambda": -0.2445670416735487,
            "oppConfig": {
                "scale": 0.3100232749557116,
                "vertexSelf": 0.37186303544005206,
                "vertexOpp": 0.5471080980490074
            },
            "oppLambda": -0.865225893374797,
            "actTime": 9.627,
            "reviewTime": 29.579
        },
        {
            "kind": "normal",
            "trialNumber": 3,
            "oppReceiver": "self",
            "selfConfig": {
                "scale": 0.43738624926662506,
                "vertexSelf": 0.7993985311821267,
                "vertexOpp": 0.4823306794155587
            },
            "selfLambda": -0.07162553818349814,
            "oppConfig": {
                "scale": 0.28957779520270377,
                "vertexSelf": 0.4179365706577397,
                "vertexOpp": 0.44287907947453653
            },
            "oppLambda": 1.0392965040243034,
            "actTime": 3.474,
            "reviewTime": 21.306
        },
        {
            "kind": "normal",
            "trialNumber": 4,
            "oppReceiver": "opp",
            "selfConfig": {
                "scale": 0.14602213976582484,
                "vertexSelf": 0.4447871836743851,
                "vertexOpp": 0.7292419453588568
            },
            "selfLambda": -0.12658279591955138,
            "oppConfig": {
                "scale": 0.3278974582791825,
                "vertexSelf": 0.687089622113376,
                "vertexOpp": 0.6162710421978899
            },
            "oppLambda": -1.2360841349444507,
            "actTime": 2.513,
            "reviewTime": 0.757
        },
        {
            "kind": "normal",
            "trialNumber": 5,
            "oppReceiver": "opp",
            "selfConfig": {
                "scale": 0.35668915351523767,
                "vertexSelf": 0.42608120292678253,
                "vertexOpp": 0.4856347884040386
            },
            "selfLambda": -0.06897577315975086,
            "oppConfig": {
                "scale": 0.1863378703535249,
                "vertexSelf": 0.7205758065573287,
                "vertexOpp": 0.24835295825307518
            },
            "oppLambda": -1.042835661375265,
            "actTime": 2.387,
            "reviewTime": 19.596
        },
        {
            "kind": "memory",
            "trialNumber": 5,
            "selfLambda": 0.061857099684174986,
            "oppLambda": 3.917404168973364
        },
        {
            "kind": "normal",
            "trialNumber": 6,
            "oppReceiver": "opp",
            "selfConfig": {
                "scale": 0.4462161985722961,
                "vertexSelf": 0.6481331162650181,
                "vertexOpp": 0.48806579692770635
            },
            "selfLambda": -0.02121152754882008,
            "oppConfig": {
                "scale": 0.3643150135692934,
                "vertexSelf": 0.6356416403219002,
                "vertexOpp": 0.4605190036916568
            },
            "oppLambda": -1.1416632325261882,
            "actTime": 9.232,
            "reviewTime": 0.737
        },
        {
            "kind": "normal",
            "trialNumber": 7,
            "oppReceiver": "opp",
            "selfConfig": {
                "scale": 0.38732390920578896,
                "vertexSelf": 0.46047828017835724,
                "vertexOpp": 0.5270685955130342
            },
            "selfLambda": 0.03234883089528362,
            "oppConfig": {
                "scale": 0.35307775174073475,
                "vertexSelf": 0.531342308863388,
                "vertexOpp": 0.6118489787656981
            },
            "oppLambda": -1.0894657993243981,
            "actTime": 4.561,
            "reviewTime": 10.4
        },
        {
            "kind": "normal",
            "trialNumber": 8,
            "oppReceiver": "opp",
            "selfConfig": {
                "scale": 0.1461574460739489,
                "vertexSelf": 0.7112129858743254,
                "vertexOpp": 0.7726923039875824
            },
            "selfLambda": -0.08245405872605303,
            "oppConfig": {
                "scale": 0.2796017753420966,
                "vertexSelf": 0.6628808232624449,
                "vertexOpp": 0.53791927397741
            },
            "oppLambda": -0.9337814599698765,
            "actTime": 7.039,
            "reviewTime": 0.753
        },
        {
            "kind": "normal",
            "trialNumber": 9,
            "oppReceiver": "discard",
            "selfConfig": {
                "scale": 0.39095016013775175,
                "vertexSelf": 0.39292933647960954,
                "vertexOpp": 0.47907769852821375
            },
            "selfLambda": -0.04643916004543911,
            "oppConfig": {
                "scale": 0.32414240405676314,
                "vertexSelf": 0.8063133465264256,
                "vertexOpp": 0.5948700989081721
            },
            "oppLambda": -0.09897168995833248,
            "actTime": 5.743,
            "reviewTime": 3.396
        },
        {
            "kind": "normal",
            "trialNumber": 10,
            "oppReceiver": "opp",
            "selfConfig": {
                "scale": 0.22749691406663067,
                "vertexSelf": 0.4576065228172791,
                "vertexOpp": 0.4701628423713018
            },
            "selfLambda": -0.14795373473100698,
            "oppConfig": {
                "scale": 0.3264950121354671,
                "vertexSelf": 0.7210425752021322,
                "vertexOpp": 0.5600179362233244
            },
            "oppLambda": -0.9049220361928848,
            "actTime": 4.824,
            "reviewTime": 26.703
        },
        {
            "kind": "normal",
            "trialNumber": 11,
            "oppReceiver": "opp",
            "selfConfig": {
                "scale": 0.37596442179771994,
                "vertexSelf": 0.45703613065108917,
                "vertexOpp": 0.4273747332574428
            },
            "selfLambda": 0.06716202922706328,
            "oppConfig": {
                "scale": 0.33186085227330586,
                "vertexSelf": 0.4097591103114795,
                "vertexOpp": 0.6171114250222307
            },
            "oppLambda": -1.1719839935744225,
            "actTime": 2.515,
            "reviewTime": 31.848
        },
        {
            "kind": "normal",
            "trialNumber": 12,
            "oppReceiver": "opp",
            "selfConfig": {
                "scale": 0.1935839642019621,
                "vertexSelf": 0.5199370406847048,
                "vertexOpp": 0.7172805273727393
            },
            "selfLambda": 0.06253416687220366,
            "oppConfig": {
                "scale": 0.1756004596565564,