{
    "client": {
        "kind": "mturk",
        "workerId": "A1P2RQ166VS5BT",
        "assignmentId": "3QHK8ZVMIMIVSDQAIAGWEHJ5TVOLB3",
        "turkSubmitTo": "https:\/\/www.mturk.com\/mturk\/externalSubmit"
    },
    "config": {
        "minOppLambda": -1.25,
        "maxOppLambda": -0.75
    },
    "trials": [
        {
            "kind": "normal",
            "trialNumber": 1,
            "oppReceiver": "opp",
            "selfConfig": {
                "scale": 0.15331365563927993,
                "vertexSelf": 0.7018148702973968,
                "vertexOpp": 0.32549019132846446
            },
            "selfLambda": -0.15858806502838937,
            "oppConfig": {
                "scale": 0.11102274009870242,
                "vertexSelf": 0.5309388068280079,
                "vertexOpp": 0.30967622674702777
            },
            "oppLambda": -1.2453343263278063,
            "actTime": 15.222,
            "reviewTime": 7.306
        },
        {
            "kind": "normal",
            "trialNumber": 2,
            "oppReceiver": "opp",
            "selfConfig": {
                "scale": 0.2904923445135899,
                "vertexSelf": 0.6730339305755835,
                "vertexOpp": 0.36226238920154696
            },
            "selfLambda": -0.19917258691724513,
            "oppConfig": {
                "scale": 0.2795004761301808,
                "vertexSelf": 0.4170857622377977,
                "vertexOpp": 0.5008981660404364
            },
            "oppLambda": -0.754872184735263,
            "actTime": 11.539,
            "reviewTime": 9.796
        },
        {
            "kind": "normal",
            "trialNumber": 3,
            "oppReceiver": "self",
            "selfConfig": {
                "scale": 0.27583909324203215,
                "vertexSelf": 0.506224411515952,
                "vertexOpp": 0.4538521347666945
            },
            "selfLambda": 0.0445757355206422,
            "oppConfig": {
                "scale": 0.1476977903988652,
                "vertexSelf": 0.29035177684063296,
                "vertexOpp": 0.38912695499405786
            },
            "oppLambda": 0.9977957732920082,
            "actTime": 14.791,
            "reviewTime": 7.093
        },
        {
            "kind": "normal",
            "trialNumber": 4,
            "oppReceiver": "opp",
            "selfConfig": {
                "scale": 0.43761786956669846,
                "vertexSelf": 0.6931181486564377,
                "vertexOpp": 0.5521402494641715
            },
            "selfLambda": 0.2034945110746159,
            "oppConfig": {
                "scale": 0.1922775552849391,
                "vertexSelf": 0.3572513706530702,
                "vertexOpp": 0.2743505282082303
            },
            "oppLambda": -1.0009869092425259,
            "actTime": 10.078,
            "reviewTime": 8.387
        },
        {
            "kind": "normal",
            "trialNumber": 5,
            "oppReceiver": "opp",
            "selfConfig": {
                "scale": 0.19233712083911927,
                "vertexSelf": 0.5361862063822793,
                "vertexOpp": 0.25125882355446055
            },
            "selfLambda": 0.05623296312862792,
            "oppConfig": {
                "scale": 0.16994659169244447,
                "vertexSelf": 0.49020359609714903,
                "vertexOpp": 0.2925698878262151
            },
            "oppLambda": -0.7808005964748982,
            "actTime": 8.493,
            "reviewTime": 7.864
        },
        {
            "kind": "memory",
            "trialNumber": 5,
            "selfLambda": 0.09089432562371769,
            "oppLambda": -0.7755756735482494
        },
        {
            "kind": "normal",
            "trialNumber": 6,
            "oppReceiver": "opp",
            "selfConfig": {
                "scale": 0.44067380204493156,
                "vertexSelf": 0.8769126801035176,
                "vertexOpp": 0.5151139118096225
            },
            "selfLambda": 0.052432229024888435,
            "oppConfig": {
                "scale": 0.3518496882382428,
                "vertexSelf": 0.53796778833939,
                "vertexOpp": 0.39086612638796436
            },
            "oppLambda": -0.8040373712367448,
            "actTime": 11.337,
            "reviewTime": 5.901
        },
        {
            "kind": "normal",
            "trialNumber": 7,
            "oppReceiver": "opp",
            "selfConfig": {
                "scale": 0.17209716063519415,
                "vertexSelf": 0.1886211706105668,
                "vertexOpp": 0.2702081368165548
            },
            "selfLambda": -0.11863225144304973,
            "oppConfig": {
                "scale": 0.38382685612180234,
                "vertexSelf": 0.7521544608698295,
                "vertexOpp": 0.5697801239562216
            },
            "oppLambda": -0.9363560701161157,
            "actTime": 19.132,
            "reviewTime": 4.552
        },
        {
            "kind": "normal",
            "trialNumber": 8,
            "oppReceiver": "opp",
            "selfConfig": {
                "scale": 0.40418133234718434,
                "vertexSelf": 0.824492266276636,
                "vertexOpp": 0.40807658945032704
            },
            "selfLambda": -0.2378961401860596,
            "oppConfig": {
                "scale": 0.1799157385761271,
                "vertexSelf": 0.536395657361913,
                "vertexOpp": 0.32794591838061987
            },
            "oppLambda": -1.1336576678104586,
            "actTime": 12.506,
            "reviewTime": 6.302
        },
        {
            "kind": "normal",
            "trialNumber": 9,
            "oppReceiver": "discard",
            "selfConfig": {
                "scale": 0.46561819852147945,
                "vertexSelf": 0.744201785529155,
                "vertexOpp": 0.4773502754253288
            },
            "selfLambda": -0.24634035184809558,
            "oppConfig": {
                "scale": 0.2975373180034624,
                "vertexSelf": 0.6532696738868591,
                "vertexOpp": 0.5272147484258433
            },
            "oppLambda": -0.0013511316086780994,
            "actTime": 16.331,
            "reviewTime": 3.879
        },
        {
            "kind": "normal",
            "trialNumber": 10,
            "oppReceiver": "opp",
            "selfConfig": {
                "scale": 0.4203248577338522,
                "vertexSelf": 0.6113877758649972,
                "vertexOpp": 0.4348741588413702
            },
            "selfLambda": -0.18179982207426895,
            "oppConfig": {
                "scale": 0.2883901230398889,
                "vertexSelf": 0.6703983486917193,
                "vertexOpp": 0.46653645990346293
            },
            "oppLambda": -1.2457955552886644,
            "actTime": 13.182,
            "reviewTime": 4.188
        },
        {
            "kind": "normal",
            "trialNumber": 11,
            "oppReceiver": "opp",
            "selfConfig": {
                "scale": 0.24963148022362766,
                "vertexSelf": 0.6303650136142689,
                "vertexOpp": 0.470100840082913
            },
            "selfLambda": -0.2678682463148875,
            "oppConfig": {
                "scale": 0.40491157518024357,
                "vertexSelf": 0.8964878261340058,
                "vertexOpp": 0.43093288334846097
            },
            "oppLambda": -0.8934681250354327,
            "actTime": 12.618,
            "reviewTime": 3.173
        },
        {
            "kind": "normal",
            "trialNumber": 12,
            "oppReceiver": "opp",
            "selfConfig": {
                "scale": 0.43326168124011255,
                "vertexSelf": 0.6257854411753283,
                "vertexOpp": 0.47621412469348445
            },
            "selfLambda": -0.044072478320677684,
            "oppConfig": {
                "scale": 0.239187155835306,