{
    "client": {
        "kind": "mturk",
        "workerId": "A277V4SHQB8JRS",
        "assignmentId": "3X1FV8S5JXRUFZAFC0AG2184071GVJ",
        "turkSubmitTo": "https:\/\/www.mturk.com\/mturk\/externalSubmit"
    },
    "config": {
        "minOppLambda": -1.25,
        "maxOppLambda": -0.75
    },
    "trials": [
        {
            "kind": "normal",
            "trialNumber": 1,
            "oppReceiver": "opp",
            "selfConfig": {
                "scale": 0.2087341810312443,
                "vertexSelf": 0.7505261826966942,
                "vertexOpp": 0.4954703951363751
            },
            "selfLambda": 0.20309344090720702,
            "oppConfig": {
                "scale": 0.3327644028007384,
                "vertexSelf": 0.7234236949671677,
                "vertexOpp": 0.6105263733445048
            },
            "oppLambda": -1.2284244149132344,
            "actTime": 4.577,
            "reviewTime": 12.437
        },
        {
            "kind": "normal",
            "trialNumber": 2,
            "oppReceiver": "opp",
            "selfConfig": {
                "scale": 0.2349126716932975,
                "vertexSelf": 0.8358694197710888,
                "vertexOpp": 0.3827677920566328
            },
            "selfLambda": 1.196747201957868,
            "oppConfig": {
                "scale": 0.3754319413202133,
                "vertexSelf": 0.7485173886814394,
                "vertexOpp": 0.4684070564224661
            },
            "oppLambda": -1.2162935140414821,
            "actTime": 9.939,
            "reviewTime": 3.484
        },
        {
            "kind": "normal",
            "trialNumber": 3,
            "oppReceiver": "self",
            "selfConfig": {
                "scale": 0.10252663218024445,
                "vertexSelf": 0.2839267450299272,
                "vertexOpp": 0.5054412554828026
            },
            "selfLambda": 1.0642843397271018,
            "oppConfig": {
                "scale": 0.4034410245031991,
                "vertexSelf": 0.6327431156601099,
                "vertexOpp": 0.4311356563392806
            },
            "oppLambda": 0.9138880441108569,
            "actTime": 11.343,
            "reviewTime": 2.651
        },
        {
            "kind": "normal",
            "trialNumber": 4,
            "oppReceiver": "opp",
            "selfConfig": {
                "scale": 0.2921919124900342,
                "vertexSelf": 0.40548745775564804,
                "vertexOpp": 0.59054934846108
            },
            "selfLambda": 0.0418719200915278,
            "oppConfig": {
                "scale": 0.15026685791898325,
                "vertexSelf": 0.3679667412011567,
                "vertexOpp": 0.30522758969667485
            },
            "oppLambda": -0.7800319547599439,
            "actTime": 7.71,
            "reviewTime": 5.076
        },
        {
            "kind": "normal",
            "trialNumber": 5,
            "oppReceiver": "opp",
            "selfConfig": {
                "scale": 0.3616367749716576,
                "vertexSelf": 0.5094423139101077,
                "vertexOpp": 0.432587678695706
            },
            "selfLambda": 0.3728178435922467,
            "oppConfig": {
                "scale": 0.47531327738677487,
                "vertexSelf": 0.48220934973481017,
                "vertexOpp": 0.480799892663109
            },
            "oppLambda": -1.1051667537057854,
            "actTime": 10.967,
            "reviewTime": 0.908
        },
        {
            "kind": "memory",
            "trialNumber": 5,
            "selfLambda": 0.3912525469411776,
            "oppLambda": -1.1114068912554707
        },
        {
            "kind": "normal",
            "trialNumber": 6,
            "oppReceiver": "opp",
            "selfConfig": {
                "scale": 0.39812361320477174,
                "vertexSelf": 0.5121658476543647,
                "vertexOpp": 0.5542217101986384
            },
            "selfLambda": 0.14624414211634124,
            "oppConfig": {
                "scale": 0.39223924609376315,
                "vertexSelf": 0.5847228941292018,
                "vertexOpp": 0.5896208301820376
            },
            "oppLambda": -0.7615152661741464,
            "actTime": 11.775,
            "reviewTime": 0.773
        },
        {
            "kind": "normal",
            "trialNumber": 7,
            "oppReceiver": "opp",
            "selfConfig": {
                "scale": 0.4846533849338537,
                "vertexSelf": 0.7288594841380591,
                "vertexOpp": 0.48968238834482264
            },
            "selfLambda": 0.12511049173551186,
            "oppConfig": {
                "scale": 0.42164453051898054,
                "vertexSelf": 0.7750234522304285,
                "vertexOpp": 0.4804522727579034
            },
            "oppLambda": -1.1672293490040033,
            "actTime": 9.295,
            "reviewTime": 4.867
        },
        {
            "kind": "normal",
            "trialNumber": 8,
            "oppReceiver": "opp",
            "selfConfig": {
                "scale": 0.2928103102668299,
                "vertexSelf": 0.6688127354935265,
                "vertexOpp": 0.6407066162015146
            },
            "selfLambda": 0.20008437388554523,
            "oppConfig": {
                "scale": 0.3450840622765451,
                "vertexSelf": 0.4078145985779035,
                "vertexOpp": 0.43673858671028354
            },
            "oppLambda": -0.9693561623189557,
            "actTime": 6.814,
            "reviewTime": 4.864
        },
        {
            "kind": "normal",
            "trialNumber": 9,
            "oppReceiver": "discard",
            "selfConfig": {
                "scale": 0.2986206907687626,
                "vertexSelf": 0.7108458427870921,
                "vertexOpp": 0.648475359952283
            },
            "selfLambda": -0.01211365013562946,
            "oppConfig": {
                "scale": 0.4792723422530686,
                "vertexSelf": 0.605198965385182,
                "vertexOpp": 0.5114545074167527
            },
            "oppLambda": -0.05987080838375716,
            "actTime": 10.336,
            "reviewTime": 0.916
        },
        {
            "kind": "normal",
            "trialNumber": 10,
            "oppReceiver": "opp",
            "selfConfig": {
                "scale": 0.10572700189812419,
                "vertexSelf": 0.3727531297329535,
                "vertexOpp": 0.38560175056090723
            },
            "selfLambda": 0.5245884641493483,
            "oppConfig": {
                "scale": 0.34992404200743077,
                "vertexSelf": 0.8051713009742785,
                "vertexOpp": 0.4052404042544612
            },
            "oppLambda": -1.199366662962249,
            "actTime": 10.47,
            "reviewTime": 0.799
        },
        {
            "kind": "normal",
            "trialNumber": 11,
            "oppReceiver": "opp",
            "selfConfig": {
                "scale": 0.30630490497610957,
                "vertexSelf": 0.4322714939279185,
                "vertexOpp": 0.34121666155937624
            },
            "selfLambda": 0.27499835026959185,
            "oppConfig": {
                "scale": 0.4212792223098948,
                "vertexSelf": 0.8138994318245906,
                "vertexOpp": 0.5785198965945715
            },
            "oppLambda": -1.1303547824134266,
            "actTime": 10.089,
            "reviewTime": 2.204
        },
        {
            "kind": "normal",
            "trialNumber": 12,
            "oppReceiver": "opp",
            "selfConfig": {
                "scale": 0.3982484987871123,
                "vertexSelf": 0.9535214476292283,
                "vertexOpp": 0.416120527720279
            },
            "selfLambda": 0.2705821739130923,
            "oppConfig": {
                "scale": 0.11259974688472596,