{
    "client": {
        "kind": "mturk",
        "workerId": "A2NF5KPKKGWXVF",
        "assignmentId": "3X66WABAJWIA3Q8WSQ4AJ6GL9MPG31",
        "turkSubmitTo": "https:\/\/www.mturk.com\/mturk\/externalSubmit"
    },
    "config": {
        "minOppLambda": -1.25,
        "maxOppLambda": -0.75
    },
    "trials": [
        {
            "kind": "normal",
            "trialNumber": 1,
            "oppReceiver": "opp",
            "selfConfig": {
                "scale": 0.30356110920387314,
                "vertexSelf": 0.6350477763136266,
                "vertexOpp": 0.5423110306079667
            },
            "selfLambda": -1.0075359412301736,
            "oppConfig": {
                "scale": 0.1179444747431016,
                "vertexSelf": 0.9386739820464183,
                "vertexOpp": 0.3299326339017941
            },
            "oppLambda": -1.2047295437040275,
            "actTime": 5.628,
            "reviewTime": 1.588
        },
        {
            "kind": "normal",
            "trialNumber": 2,
            "oppReceiver": "opp",
            "selfConfig": {
                "scale": 0.37047538028411686,
                "vertexSelf": 0.7526327916899673,
                "vertexOpp": 0.5388838930871284
            },
            "selfLambda": -0.5133794658502377,
            "oppConfig": {
                "scale": 0.38678634363317943,
                "vertexSelf": 0.7830732410490256,
                "vertexOpp": 0.45831386773631133
            },
            "oppLambda": -0.938723777667228,
            "actTime": 3.985,
            "reviewTime": 1.784
        },
        {
            "kind": "normal",
            "trialNumber": 3,
            "oppReceiver": "self",
            "selfConfig": {
                "scale": 0.2500896253197611,
                "vertexSelf": 0.753219471460168,
                "vertexOpp": 0.2839170088976215
            },
            "selfLambda": 0.002369745928748493,
            "oppConfig": {
                "scale": 0.32741309015037223,
                "vertexSelf": 0.34072911503723013,
                "vertexOpp": 0.4801965277892474
            },
            "oppLambda": 0.8833349349128766,
            "actTime": 5.575,
            "reviewTime": 2.427
        },
        {
            "kind": "normal",
            "trialNumber": 4,
            "oppReceiver": "opp",
            "selfConfig": {
                "scale": 0.35203072715061146,
                "vertexSelf": 0.8709661787979929,
                "vertexOpp": 0.5574165085001208
            },
            "selfLambda": -0.8722146297252323,
            "oppConfig": {
                "scale": 0.2727103097380891,
                "vertexSelf": 0.4663422359145101,
                "vertexOpp": 0.4292236547890703
            },
            "oppLambda": -0.979416931392063,
            "actTime": 3.692,
            "reviewTime": 2.433
        },
        {
            "kind": "normal",
            "trialNumber": 5,
            "oppReceiver": "opp",
            "selfConfig": {
                "scale": 0.3534726835825206,
                "vertexSelf": 0.8282683596300304,
                "vertexOpp": 0.3725739352072537
            },
            "selfLambda": -0.5409975913170223,
            "oppConfig": {
                "scale": 0.14022630249484003,
                "vertexSelf": 0.5127121866844713,
                "vertexOpp": 0.5586869735550337
            },
            "oppLambda": -1.0401330847577235,
            "actTime": 2.945,
            "reviewTime": 1.195
        },
        {
            "kind": "memory",
            "trialNumber": 5,
            "selfLambda": -0.2537146656960939,
            "oppLambda": -0.5525398045747156
        },
        {
            "kind": "normal",
            "trialNumber": 6,
            "oppReceiver": "opp",
            "selfConfig": {
                "scale": 0.38494237306866574,
                "vertexSelf": 0.7287107823450905,
                "vertexOpp": 0.46370643302183445
            },
            "selfLambda": -0.5934036244335608,
            "oppConfig": {
                "scale": 0.10095476360790273,
                "vertexSelf": 0.4877760105644089,
                "vertexOpp": 0.4330579270085509
            },
            "oppLambda": -1.2345093819670114,
            "actTime": 3.885,
            "reviewTime": 1.437
        },
        {
            "kind": "normal",
            "trialNumber": 7,
            "oppReceiver": "opp",
            "selfConfig": {
                "scale": 0.45349705037449206,
                "vertexSelf": 0.5659247263689656,
                "vertexOpp": 0.48074575513185663
            },
            "selfLambda": 0.5247556873995908,
            "oppConfig": {
                "scale": 0.39490979967274364,
                "vertexSelf": 0.6027603593278361,
                "vertexOpp": 0.5568582761867358
            },
            "oppLambda": -1.0884204655686105,
            "actTime": 7.68,
            "reviewTime": 1.564
        },
        {
            "kind": "normal",
            "trialNumber": 8,
            "oppReceiver": "opp",
            "selfConfig": {
                "scale": 0.14165600638954734,
                "vertexSelf": 0.989355629660898,
                "vertexOpp": 0.2998893701928856
            },
            "selfLambda": -1.1429947648944292,
            "oppConfig": {
                "scale": 0.4870217419984362,
                "vertexSelf": 0.6832805739824133,
                "vertexOpp": 0.4947647226056905
            },
            "oppLambda": -0.9025974505472438,
            "actTime": 3.57,
            "reviewTime": 1.065
        },
        {
            "kind": "normal",
            "trialNumber": 9,
            "oppReceiver": "discard",
            "selfConfig": {
                "scale": 0.4686741383694365,
                "vertexSelf": 0.915124277949326,
                "vertexOpp": 0.5003574186112402
            },
            "selfLambda": -0.5818858240637775,
            "oppConfig": {
                "scale": 0.32954796637043,
                "vertexSelf": 0.8504288872033967,
                "vertexOpp": 0.44677169816646223
            },
            "oppLambda": 0.04932399110654809,
            "actTime": 3.305,
            "reviewTime": 1.354
        },
        {
            "kind": "normal",
            "trialNumber": 10,
            "oppReceiver": "opp",
            "selfConfig": {
                "scale": 0.19564279327901277,
                "vertexSelf": 0.5897786962909406,
                "vertexOpp": 0.3531386272523761
            },
            "selfLambda": 0.14810705951870898,
            "oppConfig": {
                "scale": 0.40752172388350305,
                "vertexSelf": 0.4179905894382628,
                "vertexOpp": 0.5241457164183108
            },
            "oppLambda": -1.097865944718511,
            "actTime": 3.197,
            "reviewTime": 9.388
        },
        {
            "kind": "normal",
            "trialNumber": 11,
            "oppReceiver": "opp",
            "selfConfig": {
                "scale": 0.39706259895626994,
                "vertexSelf": 0.9610994569605592,
                "vertexOpp": 0.4327447202736547
            },
            "selfLambda": -0.07225420027653918,
            "oppConfig": {
                "scale": 0.4672350958242476,
                "vertexSelf": 0.7631253820241302,
                "vertexOpp": 0.5085835699737327
            },
            "oppLambda": -1.1008142596622927,
            "actTime": 2.795,
            "reviewTime": 1.359
        },
        {
            "kind": "normal",
            "trialNumber": 12,
            "oppReceiver": "opp",
            "selfConfig": {
                "scale": 0.10654276207852886,
                "vertexSelf": 0.33384081595317444,
                "vertexOpp": 0.6827150323771757
            },
            "selfLambda": -0.6046091744227424,
            "oppConfig": {
                "scale": 0.4468702139058125,