{
    "client": {
        "kind": "mturk",
        "workerId": "A37JC45Y9GLSA7",
        "assignmentId": "3IOEN3P9S7JCWU5BT9H5JMOZHO861X",
        "turkSubmitTo": "https:\/\/www.mturk.com\/mturk\/externalSubmit"
    },
    "config": {
        "minOppLambda": -1.25,
        "maxOppLambda": -0.75
    },
    "trials": [
        {
            "kind": "normal",
            "trialNumber": 1,
            "oppReceiver": "opp",
            "selfConfig": {
                "scale": 0.15898192804211472,
                "vertexSelf": 0.4273087245826409,
                "vertexOpp": 0.24351441012637545
            },
            "selfLambda": -0.46354631515033234,
            "oppConfig": {
                "scale": 0.21832938299989363,
                "vertexSelf": 0.7760715960201301,
                "vertexOpp": 0.3985965709834022
            },
            "oppLambda": -0.9719872719051013,
            "actTime": 4.246,
            "reviewTime": 1.99
        },
        {
            "kind": "normal",
            "trialNumber": 2,
            "oppReceiver": "opp",
            "selfConfig": {
                "scale": 0.3467010069394081,
                "vertexSelf": 0.6098293308414505,
                "vertexOpp": 0.540299923550242
            },
            "selfLambda": -0.05941675013388176,
            "oppConfig": {
                "scale": 0.12489756519403752,
                "vertexSelf": 0.47535567279631996,
                "vertexOpp": 0.8238303040647182
            },
            "oppLambda": -0.8163184919261822,
            "actTime": 12.044,
            "reviewTime": 4.631
        },
        {
            "kind": "normal",
            "trialNumber": 3,
            "oppReceiver": "self",
            "selfConfig": {
                "scale": 0.12050304021713716,
                "vertexSelf": 0.15514170510839337,
                "vertexOpp": 0.5242537041280815
            },
            "selfLambda": 0.6486081867284578,
            "oppConfig": {
                "scale": 0.1036998987935287,
                "vertexSelf": 0.9742683336255591,
                "vertexOpp": 0.6385795529661455
            },
            "oppLambda": 0.9051449818872939,
            "actTime": 3.594,
            "reviewTime": 4.152
        },
        {
            "kind": "normal",
            "trialNumber": 4,
            "oppReceiver": "opp",
            "selfConfig": {
                "scale": 0.18843704524459845,
                "vertexSelf": 0.8687943945920156,
                "vertexOpp": 0.49482322837479564
            },
            "selfLambda": -0.22808567193958718,
            "oppConfig": {
                "scale": 0.22365436039444742,
                "vertexSelf": 0.4002725042167121,
                "vertexOpp": 0.6316584658530389
            },
            "oppLambda": -1.092551717916964,
            "actTime": 1.748,
            "reviewTime": 1.064
        },
        {
            "kind": "normal",
            "trialNumber": 5,
            "oppReceiver": "opp",
            "selfConfig": {
                "scale": 0.3327381160531805,
                "vertexSelf": 0.5809176833250763,
                "vertexOpp": 0.38220536051384424
            },
            "selfLambda": 0.7481036896472072,
            "oppConfig": {
                "scale": 0.13195240173912018,
                "vertexSelf": 0.7369677879393324,
                "vertexOpp": 0.47346342894839044
            },
            "oppLambda": -0.8282492115911751,
            "actTime": 1.412,
            "reviewTime": 0.795
        },
        {
            "kind": "memory",
            "trialNumber": 5,
            "selfLambda": 0.5277101435059157,
            "oppLambda": 0.9074469823339778
        },
        {
            "kind": "normal",
            "trialNumber": 6,
            "oppReceiver": "opp",
            "selfConfig": {
                "scale": 0.49038432828218415,
                "vertexSelf": 0.995485282614773,
                "vertexOpp": 0.5048373473796367
            },
            "selfLambda": 0.14340854954944451,
            "oppConfig": {
                "scale": 0.34341686481388234,
                "vertexSelf": 0.679606336388574,
                "vertexOpp": 0.5781487211609989
            },
            "oppLambda": -0.8466727990356769,
            "actTime": 2.343,
            "reviewTime": 1.117
        },
        {
            "kind": "normal",
            "trialNumber": 7,
            "oppReceiver": "opp",
            "selfConfig": {
                "scale": 0.2587853790089709,
                "vertexSelf": 0.4843229197808516,
                "vertexOpp": 0.3847967600661217
            },
            "selfLambda": -0.1401168293887774,
            "oppConfig": {
                "scale": 0.23919626887559264,
                "vertexSelf": 0.5429237364018482,
                "vertexOpp": 0.5774655051005952
            },
            "oppLambda": -0.8793070619022991,
            "actTime": 2.826,
            "reviewTime": 1.32
        },
        {
            "kind": "normal",
            "trialNumber": 8,
            "oppReceiver": "opp",
            "selfConfig": {
                "scale": 0.20750591067879035,
                "vertexSelf": 0.8250101986539856,
                "vertexOpp": 0.7007698302544648
            },
            "selfLambda": -0.48933382271750486,
            "oppConfig": {
                "scale": 0.40794395612373113,
                "vertexSelf": 0.5182953479424263,
                "vertexOpp": 0.5779888417514597
            },
            "oppLambda": -1.0838164336002816,
            "actTime": 1.547,
            "reviewTime": 1.01
        },
        {
            "kind": "normal",
            "trialNumber": 9,
            "oppReceiver": "discard",
            "selfConfig": {
                "scale": 0.1700210073010477,
                "vertexSelf": 0.6101720588247834,
                "vertexOpp": 0.41168021229398655
            },
            "selfLambda": -0.5295056927596796,
            "oppConfig": {
                "scale": 0.13665155415352803,
                "vertexSelf": 0.6994921152164031,
                "vertexOpp": 0.17119901171772503
            },
            "oppLambda": 0.005152324991345256,
            "actTime": 1.582,
            "reviewTime": 0.777
        },
        {
            "kind": "normal",
            "trialNumber": 10,
            "oppReceiver": "opp",
            "selfConfig": {
                "scale": 0.4950686239563362,
                "vertexSelf": 0.6663869441382149,
                "vertexOpp": 0.4964030377022004
            },
            "selfLambda": -0.2009271790971765,
            "oppConfig": {
                "scale": 0.2363851612784454,
                "vertexSelf": 0.9634649822075974,
                "vertexOpp": 0.6692277977868495
            },
            "oppLambda": -1.1581094826330327,
            "actTime": 1.75,
            "reviewTime": 0.88
        },
        {
            "kind": "normal",
            "trialNumber": 11,
            "oppReceiver": "opp",
            "selfConfig": {
                "scale": 0.1621055507778932,
                "vertexSelf": 0.5008175631665717,
                "vertexOpp": 0.6920124106413891
            },
            "selfLambda": -0.23045573971305436,
            "oppConfig": {
                "scale": 0.487962643717189,
                "vertexSelf": 0.5038562724279128,
                "vertexOpp": 0.4950981970781091
            },
            "oppLambda": -1.2337476452226157,
            "actTime": 1.55,
            "reviewTime": 0.798
        },
        {
            "kind": "normal",
            "trialNumber": 12,
            "oppReceiver": "opp",
            "selfConfig": {
                "scale": 0.4007081438334068,
                "vertexSelf": 0.501517888229726,
                "vertexOpp": 0.5543955219654875
            },
            "selfLambda": 0.12779614504245002,
            "oppConfig": {
                "scale": 0.26040179946512687,