{
    "client": {
        "kind": "mturk",
        "workerId": "A39YIWM61A3P4R",
        "assignmentId": "3H7XDTSHKCR7UOAK2AFCO3RI7G3GWT",
        "turkSubmitTo": "https:\/\/www.mturk.com\/mturk\/externalSubmit"
    },
    "config": {
        "minOppLambda": -1.25,
        "maxOppLambda": -0.75
    },
    "trials": [
        {
            "kind": "normal",
            "trialNumber": 1,
            "oppReceiver": "opp",
            "selfConfig": {
                "scale": 0.3160811077052379,
                "vertexSelf": 0.6756159546283551,
                "vertexOpp": 0.6108535176085307
            },
            "selfLambda": -0.20703087529469266,
            "oppConfig": {
                "scale": 0.31595100192876047,
                "vertexSelf": 0.40724196088174025,
                "vertexOpp": 0.3418204620260753
            },
            "oppLambda": -1.1543869507850224,
            "actTime": 3.81,
            "reviewTime": 1.819
        },
        {
            "kind": "normal",
            "trialNumber": 2,
            "oppReceiver": "opp",
            "selfConfig": {
                "scale": 0.4267088864149866,
                "vertexSelf": 0.9686569713448742,
                "vertexOpp": 0.5417977884074938
            },
            "selfLambda": 0.13405106950735754,
            "oppConfig": {
                "scale": 0.10168424768883862,
                "vertexSelf": 0.303488648882019,
                "vertexOpp": 0.12216261716602081
            },
            "oppLambda": -0.9437098717855814,
            "actTime": 4.455,
            "reviewTime": 2.058
        },
        {
            "kind": "normal",
            "trialNumber": 3,
            "oppReceiver": "self",
            "selfConfig": {
                "scale": 0.3024083097865227,
                "vertexSelf": 0.49540085851047033,
                "vertexOpp": 0.4905777051099458
            },
            "selfLambda": 0.6046432402690122,
            "oppConfig": {
                "scale": 0.18171510910297153,
                "vertexSelf": 0.5271512727311091,
                "vertexOpp": 0.2571207196786306
            },
            "oppLambda": 0.9793872357434336,
            "actTime": 6.998,
            "reviewTime": 2.95
        },
        {
            "kind": "normal",
            "trialNumber": 4,
            "oppReceiver": "opp",
            "selfConfig": {
                "scale": 0.21516750774254875,
                "vertexSelf": 0.36810640318316035,
                "vertexOpp": 0.34409107645193093
            },
            "selfLambda": 0.593488915102481,
            "oppConfig": {
                "scale": 0.442600551316222,
                "vertexSelf": 0.7168026394455462,
                "vertexOpp": 0.5108379553804259
            },
            "oppLambda": -0.8988693156252084,
            "actTime": 3.928,
            "reviewTime": 1.697
        },
        {
            "kind": "normal",
            "trialNumber": 5,
            "oppReceiver": "opp",
            "selfConfig": {
                "scale": 0.28292411431784076,
                "vertexSelf": 0.9031751729796023,
                "vertexOpp": 0.6655575481574756
            },
            "selfLambda": 1.5694614376763096,
            "oppConfig": {
                "scale": 0.4195860833810303,
                "vertexSelf": 0.6503183006974309,
                "vertexOpp": 0.5021966355653962
            },
            "oppLambda": -0.9952028755077242,
            "actTime": 6.626,
            "reviewTime": 11.977
        },
        {
            "kind": "memory",
            "trialNumber": 5,
            "selfLambda": -0.4539387798290716,
            "oppLambda": -0.5820289465620344
        },
        {
            "kind": "normal",
            "trialNumber": 6,
            "oppReceiver": "opp",
            "selfConfig": {
                "scale": 0.2984291596690166,
                "vertexSelf": 0.46282755112261686,
                "vertexOpp": 0.4472191853440116
            },
            "selfLambda": 0.4574146986789537,
            "oppConfig": {
                "scale": 0.3315083000207528,
                "vertexSelf": 0.6464794039455699,
                "vertexOpp": 0.5474882488405315
            },
            "oppLambda": -1.0690106796733654,
            "actTime": 3.414,
            "reviewTime": 1.379
        },
        {
            "kind": "normal",
            "trialNumber": 7,
            "oppReceiver": "opp",
            "selfConfig": {
                "scale": 0.2870772514106692,
                "vertexSelf": 0.9268713141806767,
                "vertexOpp": 0.5809778882190457
            },
            "selfLambda": 0.4868052327964888,
            "oppConfig": {
                "scale": 0.3596597647739461,
                "vertexSelf": 0.5131154139418053,
                "vertexOpp": 0.5750393891696406
            },
            "oppLambda": -0.9943406889680492,
            "actTime": 3.363,
            "reviewTime": 1.69
        },
        {
            "kind": "normal",
            "trialNumber": 8,
            "oppReceiver": "opp",
            "selfConfig": {
                "scale": 0.14957949226196243,
                "vertexSelf": 0.44945665548577046,
                "vertexOpp": 0.480510566068976
            },
            "selfLambda": 0.0019959241319343042,
            "oppConfig": {
                "scale": 0.1631208439832852,
                "vertexSelf": 0.7890941970537668,
                "vertexOpp": 0.4544549722955284
            },
            "oppLambda": -1.2137166402881359,
            "actTime": 12.961,
            "reviewTime": 1.711
        },
        {
            "kind": "normal",
            "trialNumber": 9,
            "oppReceiver": "discard",
            "selfConfig": {
                "scale": 0.3063983456836583,
                "vertexSelf": 0.8593821956760115,
                "vertexOpp": 0.6419327110770976
            },
            "selfLambda": 0.1339734831861802,
            "oppConfig": {
                "scale": 0.399206384773956,
                "vertexSelf": 0.52208966406633,
                "vertexOpp": 0.43434194036194107
            },
            "oppLambda": 0.0130299456822692,
            "actTime": 5.441,
            "reviewTime": 1.147
        },
        {
            "kind": "normal",
            "trialNumber": 10,
            "oppReceiver": "opp",
            "selfConfig": {
                "scale": 0.4031313040168467,
                "vertexSelf": 0.6946573229367008,
                "vertexOpp": 0.41018450865105166
            },
            "selfLambda": 0.1961201070128586,
            "oppConfig": {
                "scale": 0.43640945611257875,
                "vertexSelf": 0.4626518608980425,
                "vertexOpp": 0.46141496512578056
            },
            "oppLambda": -1.1760926180487323,
            "actTime": 7.065,
            "reviewTime": 1.259
        },
        {
            "kind": "normal",
            "trialNumber": 11,
            "oppReceiver": "opp",
            "selfConfig": {
                "scale": 0.4625706491303355,
                "vertexSelf": 0.4997258435106821,
                "vertexOpp": 0.4734849480444583
            },
            "selfLambda": 0.11464217198126092,
            "oppConfig": {
                "scale": 0.1192210303015056,
                "vertexSelf": 0.26476340702756174,
                "vertexOpp": 0.31055834454902187
            },
            "oppLambda": -1.0139684633414847,
            "actTime": 3.824,
            "reviewTime": 1.069
        },
        {
            "kind": "normal",
            "trialNumber": 12,
            "oppReceiver": "opp",
            "selfConfig": {
                "scale": 0.2637023080936932,
                "vertexSelf": 0.9683966787624013,
                "vertexOpp": 0.46628340575037075
            },
            "selfLambda": 0.021026280995647722,
            "oppConfig": {
                "scale": 0.4769207821734984,