{
    "client": {
        "kind": "mturk",
        "workerId": "A3KP8KFGG6734Q",
        "assignmentId": "3YMTUJH0DSGZQRD6C480SUNGDGST47",
        "turkSubmitTo": "https:\/\/www.mturk.com\/mturk\/externalSubmit"
    },
    "config": {
        "minOppLambda": -1.25,
        "maxOppLambda": -0.75
    },
    "trials": [
        {
            "kind": "normal",
            "trialNumber": 1,
            "oppReceiver": "opp",
            "selfConfig": {
                "scale": 0.2088979341896523,
                "vertexSelf": 0.5053119192052682,
                "vertexOpp": 0.605060220183366
            },
            "selfLambda": 0.3983075815269227,
            "oppConfig": {
                "scale": 0.4906963370410794,
                "vertexSelf": 0.8089881642138721,
                "vertexOpp": 0.5048563988603125
            },
            "oppLambda": -1.0314924315035474,
            "actTime": 16.818,
            "reviewTime": 2.278
        },
        {
            "kind": "normal",
            "trialNumber": 2,
            "oppReceiver": "opp",
            "selfConfig": {
                "scale": 0.33970614010541633,
                "vertexSelf": 0.4762013967997429,
                "vertexOpp": 0.36030572321242677
            },
            "selfLambda": 0.11592174590371238,
            "oppConfig": {
                "scale": 0.12121406365996537,
                "vertexSelf": 0.764691074154049,
                "vertexOpp": 0.13951148411708506
            },
            "oppLambda": -0.9290252269602253,
            "actTime": 17.654,
            "reviewTime": 3.99
        },
        {
            "kind": "normal",
            "trialNumber": 3,
            "oppReceiver": "self",
            "selfConfig": {
                "scale": 0.14902438040385482,
                "vertexSelf": 0.2983389107686374,
                "vertexOpp": 0.3083975216511149
            },
            "selfLambda": -0.023294674493226128,
            "oppConfig": {
                "scale": 0.47911166629488144,
                "vertexSelf": 0.5315729449764006,
                "vertexOpp": 0.4930743944571859
            },
            "oppLambda": 0.8121060036068357,
            "actTime": 13.238,
            "reviewTime": 5.574
        },
        {
            "kind": "normal",
            "trialNumber": 4,
            "oppReceiver": "opp",
            "selfConfig": {
                "scale": 0.44087599647139397,
                "vertexSelf": 0.6133538865568572,
                "vertexOpp": 0.4698145719741846
            },
            "selfLambda": 0.0915505522440245,
            "oppConfig": {
                "scale": 0.3503413218162136,
                "vertexSelf": 0.5176935871981612,
                "vertexOpp": 0.4666695141587829
            },
            "oppLambda": -1.122898197820834,
            "actTime": 15.444,
            "reviewTime": 3.004
        },
        {
            "kind": "normal",
            "trialNumber": 5,
            "oppReceiver": "opp",
            "selfConfig": {
                "scale": 0.11944117427996402,
                "vertexSelf": 0.7052820176321142,
                "vertexOpp": 0.7371945793731667
            },
            "selfLambda": -0.0647106515842847,
            "oppConfig": {
                "scale": 0.47721422109475253,
                "vertexSelf": 0.7758371100529529,
                "vertexOpp": 0.5017896943573253
            },
            "oppLambda": -1.1723440140593455,
            "actTime": 20.668,
            "reviewTime": 1.803
        },
        {
            "kind": "memory",
            "trialNumber": 5,
            "selfLambda": 0.04692072244875583,
            "oppLambda": 2.0879943791270765
        },
        {
            "kind": "normal",
            "trialNumber": 6,
            "oppReceiver": "opp",
            "selfConfig": {
                "scale": 0.18189524534481283,
                "vertexSelf": 0.332248115976699,
                "vertexOpp": 0.45543651578292643
            },
            "selfLambda": 0.4532183571696336,
            "oppConfig": {
                "scale": 0.31709984763025656,
                "vertexSelf": 0.4175334989526031,
                "vertexOpp": 0.6409264456571997
            },
            "oppLambda": -0.9799622396873394,
            "actTime": 17.131,
            "reviewTime": 1.442
        },
        {
            "kind": "normal",
            "trialNumber": 7,
            "oppReceiver": "opp",
            "selfConfig": {
                "scale": 0.411458605891028,
                "vertexSelf": 0.8759591075877736,
                "vertexOpp": 0.564444761829417
            },
            "selfLambda": -0.07026351307973713,
            "oppConfig": {
                "scale": 0.21974913394240653,
                "vertexSelf": 0.9782544936005335,
                "vertexOpp": 0.6545634836980683
            },
            "oppLambda": -0.9835080080191635,
            "actTime": 13.344,
            "reviewTime": 2.444
        },
        {
            "kind": "normal",
            "trialNumber": 8,
            "oppReceiver": "opp",
            "selfConfig": {
                "scale": 0.17156053699520638,
                "vertexSelf": 0.4396111873958365,
                "vertexOpp": 0.7014221383000154
            },
            "selfLambda": -0.05554367783972813,
            "oppConfig": {
                "scale": 0.22241658325344071,
                "vertexSelf": 0.7494211583458141,
                "vertexOpp": 0.7001754371113924
            },
            "oppLambda": -0.8064070002143573,
            "actTime": 17.997,
            "reviewTime": 0.758
        },
        {
            "kind": "normal",
            "trialNumber": 9,
            "oppReceiver": "discard",
            "selfConfig": {
                "scale": 0.48716808354791985,
                "vertexSelf": 0.803305451696177,
                "vertexOpp": 0.49418738318209104
            },
            "selfLambda": 0.2564570565326726,
            "oppConfig": {
                "scale": 0.26885317412364973,
                "vertexSelf": 0.6109918716400384,
                "vertexOpp": 0.6737429656014737
            },
            "oppLambda": -0.012179567703604371,
            "actTime": 10.923,
            "reviewTime": 0.995
        },
        {
            "kind": "normal",
            "trialNumber": 10,
            "oppReceiver": "opp",
            "selfConfig": {
                "scale": 0.22373320744749414,
                "vertexSelf": 0.7143794869915434,
                "vertexOpp": 0.2963771372289118
            },
            "selfLambda": 0.33024685462765013,
            "oppConfig": {
                "scale": 0.19156144764273694,
                "vertexSelf": 0.7895660770182432,
                "vertexOpp": 0.2900441431614066
            },
            "oppLambda": -0.9222174765738888,
            "actTime": 11.684,
            "reviewTime": 1.56
        },
        {
            "kind": "normal",
            "trialNumber": 11,
            "oppReceiver": "opp",
            "selfConfig": {
                "scale": 0.31563399252094393,
                "vertexSelf": 0.9154880513189092,
                "vertexOpp": 0.3475650875458548
            },
            "selfLambda": -0.09025869606457283,
            "oppConfig": {
                "scale": 0.39008385239788734,
                "vertexSelf": 0.49321535845136805,
                "vertexOpp": 0.553439437692864
            },
            "oppLambda": -0.7699326051570274,
            "actTime": 12.421,
            "reviewTime": 1.231
        },
        {
            "kind": "normal",
            "trialNumber": 12,
            "oppReceiver": "opp",
            "selfConfig": {
                "scale": 0.29725972660306454,
                "vertexSelf": 0.5314032140275715,
                "vertexOpp": 0.6278499323679817
            },
            "selfLambda": 0.17139153844893676,
            "oppConfig": {
                "scale": 0.32148526399250726,