{
    "client": {
        "kind": "mturk",
        "workerId": "AGC3T6724JUAF",
        "assignmentId": "3IXEICO792JD5EHKVS1FPS7U97YT6S",
        "turkSubmitTo": "https:\/\/www.mturk.com\/mturk\/externalSubmit"
    },
    "config": {
        "minOppLambda": -1.25,
        "maxOppLambda": -0.75
    },
    "trials": [
        {
            "kind": "normal",
            "trialNumber": 1,
            "oppReceiver": "opp",
            "selfConfig": {
                "scale": 0.350865948930714,
                "vertexSelf": 0.8942831833837693,
                "vertexOpp": 0.48216096418565024
            },
            "selfLambda": -0.1643221579422702,
            "oppConfig": {
                "scale": 0.3814336811896488,
                "vertexSelf": 0.5372443549045499,
                "vertexOpp": 0.4474932230683299
            },
            "oppLambda": -0.7855274220834803,
            "actTime": 9.337,
            "reviewTime": 1.81
        },
        {
            "kind": "normal",
            "trialNumber": 2,
            "oppReceiver": "opp",
            "selfConfig": {
                "scale": 0.17683195796892923,
                "vertexSelf": 0.7215108484496597,
                "vertexOpp": 0.35024796181238504
            },
            "selfLambda": -0.15360547851253945,
            "oppConfig": {
                "scale": 0.11813582895619534,
                "vertexSelf": 0.6229326097131178,
                "vertexOpp": 0.6374241936695667
            },
            "oppLambda": -0.9177532441624031,
            "actTime": 8.627,
            "reviewTime": 1.827
        },
        {
            "kind": "normal",
            "trialNumber": 3,
            "oppReceiver": "self",
            "selfConfig": {
                "scale": 0.21954194451072154,
                "vertexSelf": 0.7273244164807635,
                "vertexOpp": 0.3721778801134593
            },
            "selfLambda": -0.11093794262674768,
            "oppConfig": {
                "scale": 0.17451437946189063,
                "vertexSelf": 0.5980815951581557,
                "vertexOpp": 0.2755089212526575
            },
            "oppLambda": 1.086782125272204,
            "actTime": 9.291,
            "reviewTime": 3.866
        },
        {
            "kind": "normal",
            "trialNumber": 4,
            "oppReceiver": "opp",
            "selfConfig": {
                "scale": 0.43814949957231,
                "vertexSelf": 0.6022361998503754,
                "vertexOpp": 0.46030912040823396
            },
            "selfLambda": -0.15356560017497714,
            "oppConfig": {
                "scale": 0.37700944549430504,
                "vertexSelf": 0.549595536953152,
                "vertexOpp": 0.605775268413416
            },
            "oppLambda": -0.9973702929793917,
            "actTime": 12.324,
            "reviewTime": 2.512
        },
        {
            "kind": "normal",
            "trialNumber": 5,
            "oppReceiver": "opp",
            "selfConfig": {
                "scale": 0.13880524530007643,
                "vertexSelf": 0.286932566800268,
                "vertexOpp": 0.22368228618886188
            },
            "selfLambda": -0.05305504591745615,
            "oppConfig": {
                "scale": 0.14953914539080318,
                "vertexSelf": 0.8181017355434738,
                "vertexOpp": 0.2943319795257987
            },
            "oppLambda": -1.2218028931650078,
            "actTime": 16.832,
            "reviewTime": 2.361
        },
        {
            "kind": "memory",
            "trialNumber": 5,
            "selfLambda": -0.14911288658292185,
            "oppLambda": -1.2616369322862144
        },
        {
            "kind": "normal",
            "trialNumber": 6,
            "oppReceiver": "opp",
            "selfConfig": {
                "scale": 0.3594567120599024,
                "vertexSelf": 0.9117467908085216,
                "vertexOpp": 0.3987954371103128
            },
            "selfLambda": -0.19730881964418548,
            "oppConfig": {
                "scale": 0.29994366180606347,
                "vertexSelf": 0.5040189184114903,
                "vertexOpp": 0.3060775252222439
            },
            "oppLambda": -0.8177977185358192,
            "actTime": 12.472,
            "reviewTime": 2.212
        },
        {
            "kind": "normal",
            "trialNumber": 7,
            "oppReceiver": "opp",
            "selfConfig": {
                "scale": 0.4884908741120003,
                "vertexSelf": 0.5894013633779707,
                "vertexOpp": 0.49772435652659874
            },
            "selfLambda": -0.004330020852124799,
            "oppConfig": {
                "scale": 0.4506128647046411,
                "vertexSelf": 0.8758202784812997,
                "vertexOpp": 0.5355475642729339
            },
            "oppLambda": -0.9920922149764967,
            "actTime": 9.984,
            "reviewTime": 2.774
        },
        {
            "kind": "normal",
            "trialNumber": 8,
            "oppReceiver": "opp",
            "selfConfig": {
                "scale": 0.2802095823923182,
                "vertexSelf": 0.32493343249522666,
                "vertexOpp": 0.4361038508029785
            },
            "selfLambda": -0.37664954083400054,
            "oppConfig": {
                "scale": 0.3432766345472998,
                "vertexSelf": 0.5720792560896891,
                "vertexOpp": 0.5389748949058547
            },
            "oppLambda": -0.8683344708861298,
            "actTime": 17.388,
            "reviewTime": 3.989
        },
        {
            "kind": "normal",
            "trialNumber": 9,
            "oppReceiver": "discard",
            "selfConfig": {
                "scale": 0.3516776444453408,
                "vertexSelf": 0.6640593059036488,
                "vertexOpp": 0.45739406139533506
            },
            "selfLambda": -0.04204961730716003,
            "oppConfig": {
                "scale": 0.24916417581629605,
                "vertexSelf": 0.701759750536721,
                "vertexOpp": 0.4397917234989462
            },
            "oppLambda": -0.04585493222368684,
            "actTime": 24.938,
            "reviewTime": 3.923
        },
        {
            "kind": "normal",
            "trialNumber": 10,
            "oppReceiver": "opp",
            "selfConfig": {
                "scale": 0.2541171306774593,
                "vertexSelf": 0.6743490428955312,
                "vertexOpp": 0.7123839095333513
            },
            "selfLambda": -0.333577063096024,
            "oppConfig": {
                "scale": 0.4331488928783397,
                "vertexSelf": 0.8413786420373086,
                "vertexOpp": 0.43984208414253523
            },
            "oppLambda": -0.8936244242400821,
            "actTime": 33.923,
            "reviewTime": 3.257
        },
        {
            "kind": "normal",
            "trialNumber": 11,
            "oppReceiver": "opp",
            "selfConfig": {
                "scale": 0.4791898317386578,
                "vertexSelf": 0.7042702409387873,
                "vertexOpp": 0.5112919297166848
            },
            "selfLambda": -0.25581437436252746,
            "oppConfig": {
                "scale": 0.4160358133882436,
                "vertexSelf": 0.826816261589518,
                "vertexOpp": 0.49421327771607987
            },
            "oppLambda": -0.935599303861927,
            "actTime": 20.011,
            "reviewTime": 3.584
        },
        {
            "kind": "normal",
            "trialNumber": 12,
            "oppReceiver": "opp",
            "selfConfig": {
                "scale": 0.1978104786199748,
                "vertexSelf": 0.4545505281896351,
                "vertexOpp": 0.5021620712534909
            },
            "selfLambda": -0.4262864761470644,
            "oppConfig": {
                "scale": 0.373401144134493,