{
    "client": {
        "kind": "mturk",
        "workerId": "A19Y4TMKWJUAJ7",
        "assignmentId": "3RXCAC0YIRPW4NE247Z6ANOWNQK8GM",
        "turkSubmitTo": "https:\/\/www.mturk.com\/mturk\/externalSubmit"
    },
    "config": {
        "minOppLambda": 0.75,
        "maxOppLambda": 1.25
    },
    "trials": [
        {
            "trialNumber": 1,
            "selfConfig": {
                "scale": 0.3887694515816833,
                "vertexSelf": 0.40176442217703545,
                "vertexOpp": 0.5848271511596811
            },
            "selfLambda": -0.20948722192564578,
            "oppConfig": {
                "scale": 0.23255465928908958,
                "vertexSelf": 0.6906350125266203,
                "vertexOpp": 0.7369438124642913
            },
            "oppLambda": 0.9190400032839402,
            "actTime": 16.425,
            "reviewTime": 2.36
        },
        {
            "trialNumber": 2,
            "selfConfig": {
                "scale": 0.42396601658304733,
                "vertexSelf": 0.9328316351995127,
                "vertexOpp": 0.5336537765007145
            },
            "selfLambda": -0.25826582790429065,
            "oppConfig": {
                "scale": 0.2499637613971819,
                "vertexSelf": 0.6982691380977147,
                "vertexOpp": 0.7067855000134009
            },
            "oppLambda": 1.0347792434247978,
            "actTime": 13.164,
            "reviewTime": 2.225
        },
        {
            "trialNumber": 3,
            "selfConfig": {
                "scale": 0.4755853494607737,
                "vertexSelf": 0.736589275787026,
                "vertexOpp": 0.5053923948955851
            },
            "selfLambda": -0.07912762988617278,
            "oppConfig": {
                "scale": 0.1982973511836594,
                "vertexSelf": 0.7492989587623564,
                "vertexOpp": 0.6510651995808182
            },
            "oppLambda": 1.00521683257737,
            "actTime": 12.619,
            "reviewTime": 6.184
        },
        {
            "trialNumber": 4,
            "selfConfig": {
                "scale": 0.2652762229659478,
                "vertexSelf": 0.8401630767870096,
                "vertexOpp": 0.4833561812015866
            },
            "selfLambda": -0.20704619406535194,
            "oppConfig": {
                "scale": 0.25912398611266374,
                "vertexSelf": 0.43780428601969057,
                "vertexOpp": 0.5885547988233729
            },
            "oppLambda": 0.9479650240180503,
            "actTime": 14.122,
            "reviewTime": 1.325
        },
        {
            "trialNumber": 5,
            "selfConfig": {
                "scale": 0.4998278918762322,
                "vertexSelf": 0.9962949657727063,
                "vertexOpp": 0.5000258061231637
            },
            "selfLambda": -0.0998555885124068,
            "oppConfig": {
                "scale": 0.45116036191313635,
                "vertexSelf": 0.697828429532973,
                "vertexOpp": 0.5345805254245817
            },
            "oppLambda": 0.8024686992743535,
            "actTime": 15.494,
            "reviewTime": 1.62
        },
        {
            "trialNumber": 6,
            "selfConfig": {
                "scale": 0.10292549639383673,
                "vertexSelf": 0.2502926918414625,
                "vertexOpp": 0.26547786409876084
            },
            "selfLambda": -0.17527014377047695,
            "oppConfig": {
                "scale": 0.43842967878138916,
                "vertexSelf": 0.878541916083311,
                "vertexOpp": 0.5430179882547274
            },
            "oppLambda": 1.185338724211123,
            "actTime": 9.4,
            "reviewTime": 1.923
        },
        {
            "trialNumber": 7,
            "selfConfig": {
                "scale": 0.46072349728498896,
                "vertexSelf": 0.7748832455916034,
                "vertexOpp": 0.5272610551215393
            },
            "selfLambda": -0.2598572387883637,
            "oppConfig": {
                "scale": 0.37405175614523745,
                "vertexSelf": 0.8375073748221731,
                "vertexOpp": 0.41291499989716524
            },
            "oppLambda": 1.0122577614845436,
            "actTime": 8.922,
            "reviewTime": 1.486
        },
        {
            "trialNumber": 8,
            "selfConfig": {
                "scale": 0.35316894617172634,
                "vertexSelf": 0.3680672753284511,
                "vertexOpp": 0.513720713064205
            },
            "selfLambda": 0.02003670041139768,
            "oppConfig": {
                "scale": 0.3076047917469718,
                "vertexSelf": 0.7524478328577288,
                "vertexOpp": 0.3629254606343379
            },
            "oppLambda": 0.8982044931834231,
            "actTime": 9.73,
            "reviewTime": 1.498
        },
        {
            "trialNumber": 9,
            "selfConfig": {
                "scale": 0.2282630241206788,
                "vertexSelf": 0.8600945433642798,
                "vertexOpp": 0.3164415442686234
            },
            "selfLambda": -0.22312678144696124,
            "oppConfig": {
                "scale": 0.34913575191467183,
                "vertexSelf": 0.7680119610885222,
                "vertexOpp": 0.3809745460972563
            },
            "oppLambda": 1.129673510243526,
            "actTime": 14.768,
            "reviewTime": 1.304
        },
        {
            "trialNumber": 10,
            "selfConfig": {
                "scale": 0.39605882362860156,
                "vertexSelf": 0.43175776204278943,
                "vertexOpp": 0.5521471179407097
            },
            "selfLambda": -0.1955443978033836,
            "oppConfig": {
                "scale": 0.3575433931822687,
                "vertexSelf": 0.6728681641767882,
                "vertexOpp": 0.6028044399593546
            },
            "oppLambda": 0.8815096548492434,
            "actTime": 13.057,
            "reviewTime": 1.601
        },
        {
            "trialNumber": 11,
            "selfConfig": {
                "scale": 0.3031259148469346,
                "vertexSelf": 0.9925219041053346,
                "vertexOpp": 0.5279208110899077
            },
            "selfLambda": -0.2980919289692041,
            "oppConfig": {
                "scale": 0.35692891088009726,
                "vertexSelf": 0.9774772592061799,
                "vertexOpp": 0.4042951919108415
            },
            "oppLambda": 0.8306533070606936,
            "actTime": 20.595,
            "reviewTime": 1.97
        },
        {
            "trialNumber": 12,
            "selfConfig": {
                "scale": 0.45766452103545097,
                "vertexSelf": 0.8422655318548815,
                "vertexOpp": 0.49123288312315516
            },
            "selfLambda": -0.22147291440419978,
            "oppConfig": {
                "scale": 0.13788026735081732,
                "vertexSelf": 0.9276093483131929,
                "vertexOpp": 0.3384385057011986
            },
            "oppLambda": 0.8345195369648529,
            "actTime": 10.01,
            "reviewTime": 2.131
        },
        {
            "trialNumber": 13,
            "selfConfig": {
                "scale": 0.4611827790817751,
                "vertexSelf": 0.5675108544911127,
                "vertexOpp": 0.47428476089095173
            },
            "selfLambda": -0.1130198776677371,
            "oppConfig": {
                "scale": 0.1311627883937285,
                "vertexSelf": 0.5707277239901156,
                "vertexOpp": 0.7327959406471392
            },
            "oppLambda": 1.152645863456621,
            "actTime": 10.582,
            "reviewTime": 1.559
        },
        {
            "trialNumber": 14,
            "selfConfig": {
                "scale": 0.4173630111388066,
                "vertexSelf": 0.5257844289848026,