{
    "client": {
        "kind": "sona",
        "surveyCode": "40997",
        "workerId": "sona-40997"
    },
    "config": {
        "minOppLambda": -1.25,
        "maxOppLambda": -0.75
    },
    "trials": [
        {
            "kind": "normal",
            "trialNumber": 1,
            "oppReceiver": "opp",
            "selfConfig": {
                "scale": 0.45204942787717717,
                "vertexSelf": 0.4552371111641033,
                "vertexOpp": 0.4779167110099842
            },
            "selfLambda": -0.10881270558634454,
            "oppConfig": {
                "scale": 0.329081146219079,
                "vertexSelf": 0.3979152310282685,
                "vertexOpp": 0.48060170762854404
            },
            "oppLambda": -0.8196641331877664,
            "actTime": 18.697,
            "reviewTime": 1.762
        },
        {
            "kind": "normal",
            "trialNumber": 2,
            "oppReceiver": "opp",
            "selfConfig": {
                "scale": 0.37063468947260514,
                "vertexSelf": 0.5532890556751656,
                "vertexOpp": 0.6020581005144466
            },
            "selfLambda": -0.48019444019672103,
            "oppConfig": {
                "scale": 0.4996474417789257,
                "vertexSelf": 0.6134114295780508,
                "vertexOpp": 0.49997533462396726
            },
            "oppLambda": -1.246115010986304,
            "actTime": 13.503,
            "reviewTime": 4.641
        },
        {
            "kind": "normal",
            "trialNumber": 3,
            "oppReceiver": "self",
            "selfConfig": {
                "scale": 0.3912691671189886,
                "vertexSelf": 0.9731468772902968,
                "vertexOpp": 0.5232289629146791
            },
            "selfLambda": 0.06259655420442194,
            "oppConfig": {
                "scale": 0.16067506246744562,
                "vertexSelf": 0.7042355549723787,
                "vertexOpp": 0.2832497528688383
            },
            "oppLambda": 0.9444030686487315,
            "actTime": 7.79,
            "reviewTime": 1.844
        },
        {
            "kind": "normal",
            "trialNumber": 4,
            "oppReceiver": "opp",
            "selfConfig": {
                "scale": 0.49714504893605693,
                "vertexSelf": 0.6927349979187811,
                "vertexOpp": 0.4990782929480263
            },
            "selfLambda": -0.06389381470665381,
            "oppConfig": {
                "scale": 0.4647746768334323,
                "vertexSelf": 0.5364314583002541,
                "vertexOpp": 0.47670960993140227
            },
            "oppLambda": -0.9592902888983117,
            "actTime": 10.214,
            "reviewTime": 6.526
        },
        {
            "kind": "normal",
            "trialNumber": 5,
            "oppReceiver": "opp",
            "selfConfig": {
                "scale": 0.11224217305201477,
                "vertexSelf": 0.843089248415751,
                "vertexOpp": 0.7631233385758656
            },
            "selfLambda": -0.06406872680241403,
            "oppConfig": {
                "scale": 0.46454786906584955,
                "vertexSelf": 0.757629259719068,
                "vertexOpp": 0.47198578123734825
            },
            "oppLambda": -0.8480602290812119,
            "actTime": 11.762,
            "reviewTime": 6.262
        },
        {
            "kind": "memory",
            "trialNumber": 5,
            "selfLambda": 0.002469756370284513,
            "oppLambda": -0.01604391384732078
        },
        {
            "kind": "normal",
            "trialNumber": 6,
            "oppReceiver": "opp",
            "selfConfig": {
                "scale": 0.24948819570681008,
                "vertexSelf": 0.48973477591820563,
                "vertexOpp": 0.7014785931389108
            },
            "selfLambda": -0.5225085379012663,
            "oppConfig": {
                "scale": 0.2387185543360876,
                "vertexSelf": 0.34424537123370946,
                "vertexOpp": 0.7597215027751215
            },
            "oppLambda": -1.2468162630749953,
            "actTime": 10.581,
            "reviewTime": 1.524
        },
        {
            "kind": "normal",
            "trialNumber": 7,
            "oppReceiver": "opp",
            "selfConfig": {
                "scale": 0.25520138923804125,
                "vertexSelf": 0.783572244584444,
                "vertexOpp": 0.5308349348506343
            },
            "selfLambda": -2.2462922772509746,
            "oppConfig": {
                "scale": 0.14332824912390427,
                "vertexSelf": 0.2665184490772355,
                "vertexOpp": 0.7926981024426482
            },
            "oppLambda": -0.8079301604192449,
            "actTime": 7.843,
            "reviewTime": 1.462
        },
        {
            "kind": "normal",
            "trialNumber": 8,
            "oppReceiver": "opp",
            "selfConfig": {
                "scale": 0.3228163705625935,
                "vertexSelf": 0.6294694738097864,
                "vertexOpp": 0.36926049962148283
            },
            "selfLambda": -0.034442098270975996,
            "oppConfig": {
                "scale": 0.17313287196336846,
                "vertexSelf": 0.20219108683391113,
                "vertexOpp": 0.6777977555544836
            },
            "oppLambda": -0.7757259458989652,
            "actTime": 12.782,
            "reviewTime": 3.565
        },
        {
            "kind": "normal",
            "trialNumber": 9,
            "oppReceiver": "discard",
            "selfConfig": {
                "scale": 0.4771955616744017,
                "vertexSelf": 0.8292618855440705,
                "vertexOpp": 0.5074449406731861
            },
            "selfLambda": 0.1018276909317424,
            "oppConfig": {
                "scale": 0.21402684698604643,
                "vertexSelf": 0.7542651750436012,
                "vertexOpp": 0.3910902839118342
            },
            "oppLambda": 0.0869906440318681,
            "actTime": 12.754,
            "reviewTime": 6.824
        },
        {
            "kind": "normal",
            "trialNumber": 10,
            "oppReceiver": "opp",
            "selfConfig": {
                "scale": 0.24044163661339832,
                "vertexSelf": 0.4688067712399522,
                "vertexOpp": 0.39895448012005397
            },
            "selfLambda": 0.11055937514164503,
            "oppConfig": {
                "scale": 0.41652149116716886,
                "vertexSelf": 0.712031728686187,
                "vertexOpp": 0.4256997451359348
            },
            "oppLambda": -0.8405447979302214,
            "actTime": 8.951,
            "reviewTime": 3.965
        },
        {
            "kind": "normal",
            "trialNumber": 11,
            "oppReceiver": "opp",
            "selfConfig": {
                "scale": 0.15761292008871905,
                "vertexSelf": 0.33976375419542537,
                "vertexOpp": 0.36596234666336724
            },
            "selfLambda": -0.45515293218209485,
            "oppConfig": {
                "scale": 0.3170486897815603,
                "vertexSelf": 0.9208361582324964,
                "vertexOpp": 0.4276190010352888
            },
            "oppLambda": -1.1001250213709628,
            "actTime": 10.419,
            "reviewTime": 3.8
        },
        {
            "kind": "normal",
            "trialNumber": 12,
            "oppReceiver": "opp",
            "selfConfig": {
                "scale": 0.3912193182846747,
                "vertexSelf": 0.7138373596910568,
                "vertexOpp": 0.5018858510748072
            },
            "selfLambda": 0.20989549686258566,
            "oppConfig": {
                "scale": 0.18528526698766987,
                "vertexSelf": 0.4645164553606389,
                "vertexOpp": 0.5676454058000748
            },