{
    "client": {
        "kind": "sona",
        "surveyCode": "38220",
        "workerId": "sona-38220"
    },
    "config": {
        "minOppLambda": -1.25,
        "maxOppLambda": -0.75
    },
    "trials": [
        {
            "kind": "normal",
            "trialNumber": 1,
            "oppReceiver": "opp",
            "selfConfig": {
                "scale": 0.29830830392514984,
                "vertexSelf": 0.5761695354821719,
                "vertexOpp": 0.620862602856016
            },
            "selfLambda": 0.03876597973156448,
            "oppConfig": {
                "scale": 0.3980721040039916,
                "vertexSelf": 0.9945384500491607,
                "vertexOpp": 0.413557734786149
            },
            "oppLambda": -0.9991266183771376,
            "actTime": 7.827,
            "reviewTime": 0.99
        },
        {
            "kind": "normal",
            "trialNumber": 2,
            "oppReceiver": "opp",
            "selfConfig": {
                "scale": 0.439635564347156,
                "vertexSelf": 0.7535217165574113,
                "vertexOpp": 0.4865712999800231
            },
            "selfLambda": -2.213521104474635,
            "oppConfig": {
                "scale": 0.4029759490893704,
                "vertexSelf": 0.8642765768118209,
                "vertexOpp": 0.4766446770566386
            },
            "oppLambda": -1.1589619791178924,
            "actTime": 5.709,
            "reviewTime": 1.078
        },
        {
            "kind": "normal",
            "trialNumber": 3,
            "oppReceiver": "self",
            "selfConfig": {
                "scale": 0.19384008202306316,
                "vertexSelf": 0.8077195939993509,
                "vertexOpp": 0.37324056507464853
            },
            "selfLambda": 0.06946032718768286,
            "oppConfig": {
                "scale": 0.3499688666394437,
                "vertexSelf": 0.63139208861363,
                "vertexOpp": 0.5894385887951641
            },
            "oppLambda": 1.1436116444777114,
            "actTime": 13.277,
            "reviewTime": 1.718
        },
        {
            "kind": "normal",
            "trialNumber": 4,
            "oppReceiver": "opp",
            "selfConfig": {
                "scale": 0.17838107311675097,
                "vertexSelf": 0.5095149002825666,
                "vertexOpp": 0.8016144143720124
            },
            "selfLambda": 0.01906945989151629,
            "oppConfig": {
                "scale": 0.2993076834658004,
                "vertexSelf": 0.653605101393662,
                "vertexOpp": 0.4706332235521332
            },
            "oppLambda": -1.1258168919883413,
            "actTime": 20.954,
            "reviewTime": 1.119
        },
        {
            "kind": "normal",
            "trialNumber": 5,
            "oppReceiver": "opp",
            "selfConfig": {
                "scale": 0.4607957920613909,
                "vertexSelf": 0.5194059633523469,
                "vertexOpp": 0.5225422270686284
            },
            "selfLambda": -0.41624459835189914,
            "oppConfig": {
                "scale": 0.33950048890929435,
                "vertexSelf": 0.5373557618377721,
                "vertexOpp": 0.4488095523178093
            },
            "oppLambda": -0.9394889759205332,
            "actTime": 11.207,
            "reviewTime": 0.665
        },
        {
            "kind": "memory",
            "trialNumber": 5,
            "selfLambda": -0.5898610816265736,
            "oppLambda": -1.1710751054945205
        },
        {
            "kind": "normal",
            "trialNumber": 6,
            "oppReceiver": "opp",
            "selfConfig": {
                "scale": 0.1230738565895277,
                "vertexSelf": 0.807346297216677,
                "vertexOpp": 0.8268082295277186
            },
            "selfLambda": -0.49010915411245803,
            "oppConfig": {
                "scale": 0.4678406123670936,
                "vertexSelf": 0.8033651587386814,
                "vertexOpp": 0.4968445234379684
            },
            "oppLambda": -0.9303938481644111,
            "actTime": 10.695,
            "reviewTime": 0.994
        },
        {
            "kind": "normal",
            "trialNumber": 7,
            "oppReceiver": "opp",
            "selfConfig": {
                "scale": 0.2888740750935428,
                "vertexSelf": 0.7385825441087612,
                "vertexOpp": 0.6161901787234114
            },
            "selfLambda": 0.11853845338002406,
            "oppConfig": {
                "scale": 0.31908201792064955,
                "vertexSelf": 0.6368884284158653,
                "vertexOpp": 0.4177880860151816
            },
            "oppLambda": -0.8888470208554462,
            "actTime": 11.084,
            "reviewTime": 0.618
        },
        {
            "kind": "normal",
            "trialNumber": 8,
            "oppReceiver": "opp",
            "selfConfig": {
                "scale": 0.39301028252959647,
                "vertexSelf": 0.6700683277696832,
                "vertexOpp": 0.462478222016489
            },
            "selfLambda": -2.3535171601097287,
            "oppConfig": {
                "scale": 0.13744517270438106,
                "vertexSelf": 0.6385338546328411,
                "vertexOpp": 0.7157345948696419
            },
            "oppLambda": -1.2154606410209545,
            "actTime": 3.715,
            "reviewTime": 0.805
        },
        {
            "kind": "normal",
            "trialNumber": 9,
            "oppReceiver": "discard",
            "selfConfig": {
                "scale": 0.18612375742314402,
                "vertexSelf": 0.5814136053901849,
                "vertexOpp": 0.704983268784138
            },
            "selfLambda": -1.0925247026368836,
            "oppConfig": {
                "scale": 0.24457597495548358,
                "vertexSelf": 0.8339818726202807,
                "vertexOpp": 0.699771048048772
            },
            "oppLambda": -0.02193230983822758,
            "actTime": 16.269,
            "reviewTime": 2.099
        },
        {
            "kind": "normal",
            "trialNumber": 10,
            "oppReceiver": "opp",
            "selfConfig": {
                "scale": 0.2994825174503919,
                "vertexSelf": 0.8245555760262184,
                "vertexOpp": 0.3380930007012847
            },
            "selfLambda": -2.2578479944645746,
            "oppConfig": {
                "scale": 0.3270388227023515,
                "vertexSelf": 0.5711985118929754,
                "vertexOpp": 0.4260058380026439
            },
            "oppLambda": -0.7540144975818722,
            "actTime": 5.376,
            "reviewTime": 0.79
        },
        {
            "kind": "normal",
            "trialNumber": 11,
            "oppReceiver": "opp",
            "selfConfig": {
                "scale": 0.11327801876004573,
                "vertexSelf": 0.5337825974719148,
                "vertexOpp": 0.45769066621199295
            },
            "selfLambda": -0.2539466844921829,
            "oppConfig": {
                "scale": 0.33930204245154416,
                "vertexSelf": 0.6529287745319723,
                "vertexOpp": 0.5473184889444773
            },
            "oppLambda": -0.7623780282191965,
            "actTime": 7.646,
            "reviewTime": 0.447
        },
        {
            "kind": "normal",
            "trialNumber": 12,
            "oppReceiver": "opp",
            "selfConfig": {
                "scale": 0.44676630831871933,
                "vertexSelf": 0.4988324856464663,
                "vertexOpp": 0.49524872363730876
            },
            "selfLambda": -0.9637174422123677,
            "oppConfig": {
                "scale": 0.3510312899007205,
                "vertexSelf": 0.9988559677053757,
                "vertexOpp": 0.5205811535135432
            },