{
    "client": {
        "kind": "sona",
        "surveyCode": "27842",
        "workerId": "sona-27842"
    },
    "config": {
        "minOppLambda": -1.25,
        "maxOppLambda": -0.75
    },
    "trials": [
        {
            "kind": "normal",
            "trialNumber": 1,
            "oppReceiver": "opp",
            "selfConfig": {
                "scale": 0.45032443124868926,
                "vertexSelf": 0.7733330893839561,
                "vertexOpp": 0.499383447368864
            },
            "selfLambda": -0.14530315671072028,
            "oppConfig": {
                "scale": 0.42640071974822,
                "vertexSelf": 0.9077196025167817,
                "vertexOpp": 0.5503348164809261
            },
            "oppLambda": -1.1113155730826207,
            "actTime": 11.424,
            "reviewTime": 2.718
        },
        {
            "kind": "normal",
            "trialNumber": 2,
            "oppReceiver": "opp",
            "selfConfig": {
                "scale": 0.23179887577802738,
                "vertexSelf": 0.4028121312023236,
                "vertexOpp": 0.4130397693130089
            },
            "selfLambda": -1.5792981626734839,
            "oppConfig": {
                "scale": 0.37605194415543763,
                "vertexSelf": 0.4902550802294991,
                "vertexOpp": 0.6224688656320303
            },
            "oppLambda": -0.8513302140075574,
            "actTime": 10.801,
            "reviewTime": 1.138
        },
        {
            "kind": "normal",
            "trialNumber": 3,
            "oppReceiver": "self",
            "selfConfig": {
                "scale": 0.4544478200229397,
                "vertexSelf": 0.6539951533323436,
                "vertexOpp": 0.4973021116696348
            },
            "selfLambda": -0.09081546480705512,
            "oppConfig": {
                "scale": 0.3718735471772684,
                "vertexSelf": 0.7455615790078959,
                "vertexOpp": 0.5558210070655342
            },
            "oppLambda": 1.0824356845192404,
            "actTime": 10.147,
            "reviewTime": 1.823
        },
        {
            "kind": "normal",
            "trialNumber": 4,
            "oppReceiver": "opp",
            "selfConfig": {
                "scale": 0.11799499188442493,
                "vertexSelf": 0.5665720524429976,
                "vertexOpp": 0.5472101501141349
            },
            "selfLambda": -0.46120855944101363,
            "oppConfig": {
                "scale": 0.3260039661821688,
                "vertexSelf": 0.35484309527581326,
                "vertexOpp": 0.40944567950693905
            },
            "oppLambda": -1.2087061920446982,
            "actTime": 11.964,
            "reviewTime": 2.351
        },
        {
            "kind": "normal",
            "trialNumber": 5,
            "oppReceiver": "opp",
            "selfConfig": {
                "scale": 0.3888994328244876,
                "vertexSelf": 0.6824746983090288,
                "vertexOpp": 0.5299001868186946
            },
            "selfLambda": 0.08622527282285282,
            "oppConfig": {
                "scale": 0.3374800830074224,
                "vertexSelf": 0.978147806681742,
                "vertexOpp": 0.5532609295615345
            },
            "oppLambda": -1.1318458090515415,
            "actTime": 16.318,
            "reviewTime": 1.954
        },
        {
            "kind": "memory",
            "trialNumber": 5,
            "selfLambda": 0.5319274742234901,
            "oppLambda": -0.9280207679184657
        },
        {
            "kind": "normal",
            "trialNumber": 6,
            "oppReceiver": "opp",
            "selfConfig": {
                "scale": 0.12925397658347465,
                "vertexSelf": 0.6908501396121336,
                "vertexOpp": 0.6299493588620442
            },
            "selfLambda": 0.10393966951236316,
            "oppConfig": {
                "scale": 0.24231502168515207,
                "vertexSelf": 0.7635778974210459,
                "vertexOpp": 0.6795200071026897
            },
            "oppLambda": -1.1526528985944788,
            "actTime": 12.021,
            "reviewTime": 2.157
        },
        {
            "kind": "normal",
            "trialNumber": 7,
            "oppReceiver": "opp",
            "selfConfig": {
                "scale": 0.14733120151344253,
                "vertexSelf": 0.3500392458746263,
                "vertexOpp": 0.17655797338910295
            },
            "selfLambda": -0.08902355131481891,
            "oppConfig": {
                "scale": 0.37793729447780067,
                "vertexSelf": 0.6454996291834321,
                "vertexOpp": 0.4801141177367177
            },
            "oppLambda": -1.0652299309987792,
            "actTime": 7.228,
            "reviewTime": 0.835
        },
        {
            "kind": "normal",
            "trialNumber": 8,
            "oppReceiver": "opp",
            "selfConfig": {
                "scale": 0.2249069201394991,
                "vertexSelf": 0.36491330220393037,
                "vertexOpp": 0.4400969549330653
            },
            "selfLambda": -0.0008621783002954075,
            "oppConfig": {
                "scale": 0.3160333991747266,
                "vertexSelf": 0.9151845088794623,
                "vertexOpp": 0.36126644869211555
            },
            "oppLambda": -0.9573260296884182,
            "actTime": 18.154,
            "reviewTime": 1.137
        },
        {
            "kind": "normal",
            "trialNumber": 9,
            "oppReceiver": "discard",
            "selfConfig": {
                "scale": 0.14602216601418627,
                "vertexSelf": 0.7072156578118405,
                "vertexOpp": 0.6214218953523782
            },
            "selfLambda": 0.4370766281860911,
            "oppConfig": {
                "scale": 0.37596238615120514,
                "vertexSelf": 0.9139900577432089,
                "vertexOpp": 0.5739886818413257
            },
            "oppLambda": 0.04820329373403612,
            "actTime": 11.273,
            "reviewTime": 1.397
        },
        {
            "kind": "normal",
            "trialNumber": 10,
            "oppReceiver": "opp",
            "selfConfig": {
                "scale": 0.19615247737789154,
                "vertexSelf": 0.6278445838680009,
                "vertexOpp": 0.7165598790144785
            },
            "selfLambda": -1.5963079447919772,
            "oppConfig": {
                "scale": 0.16610095352932142,
                "vertexSelf": 0.6081313900930245,
                "vertexOpp": 0.2024389097961858
            },
            "oppLambda": -0.7966822156995255,
            "actTime": 12.901,
            "reviewTime": 0.793
        },
        {
            "kind": "normal",
            "trialNumber": 11,
            "oppReceiver": "opp",
            "selfConfig": {
                "scale": 0.17777383743641445,
                "vertexSelf": 0.5420225479762679,
                "vertexOpp": 0.6231158085267461
            },
            "selfLambda": 0.3774555201568498,
            "oppConfig": {
                "scale": 0.2261725696379875,
                "vertexSelf": 0.787385230866387,
                "vertexOpp": 0.30480292644392615
            },
            "oppLambda": -1.0770399705738067,
            "actTime": 12.55,
            "reviewTime": 1.218
        },
        {
            "kind": "normal",
            "trialNumber": 12,
            "oppReceiver": "opp",
            "selfConfig": {
                "scale": 0.17397871115423563,
                "vertexSelf": 0.9096315436650637,
                "vertexOpp": 0.7469645867376715
            },
            "selfLambda": 0.45640158690218613,
            "oppConfig": {
                "scale": 0.38487904880212753,
                "vertexSelf": 0.7187005179340619,
                "vertexOpp": 0.5692027116063342
            },