{
    "client": {
        "kind": "mturk",
        "workerId": "A2ORVR9A146LMX",
        "assignmentId": "3OS46CRSLFZSI6L90N1UQAVF5WPV6S",
        "turkSubmitTo": "https:\/\/www.mturk.com\/mturk\/externalSubmit"
    },
    "config": {
        "minOppLambda": 0.75,
        "maxOppLambda": 1.25
    },
    "trials": [
        {
            "kind": "normal",
            "trialNumber": 1,
            "oppReceiver": "opp",
            "selfConfig": {
                "scale": 0.4086114711081029,
                "vertexSelf": 0.9572211832355778,
                "vertexOpp": 0.4318151983006379
            },
            "selfLambda": 0.07269237119434473,
            "oppConfig": {
                "scale": 0.4359609175525857,
                "vertexSelf": 0.5848985143996889,
                "vertexOpp": 0.5169052940740445
            },
            "oppLambda": 1.001190001068637,
            "actTime": 8.826,
            "reviewTime": 1.143
        },
        {
            "kind": "normal",
            "trialNumber": 2,
            "oppReceiver": "opp",
            "selfConfig": {
                "scale": 0.25653833530904147,
                "vertexSelf": 0.3869402373593317,
                "vertexOpp": 0.6898441741360365
            },
            "selfLambda": -0.18069430006590514,
            "oppConfig": {
                "scale": 0.2746314348497415,
                "vertexSelf": 0.662471507374779,
                "vertexOpp": 0.6875604924555205
            },
            "oppLambda": 0.8025461119845257,
            "actTime": 15.064,
            "reviewTime": 1.282
        },
        {
            "kind": "normal",
            "trialNumber": 3,
            "oppReceiver": "self",
            "selfConfig": {
                "scale": 0.19994643057564226,
                "vertexSelf": 0.7659530564209531,
                "vertexOpp": 0.7966629705208392
            },
            "selfLambda": -0.5667815160061377,
            "oppConfig": {
                "scale": 0.24712882446484424,
                "vertexSelf": 0.6798739099284931,
                "vertexOpp": 0.5513847954890299
            },
            "oppLambda": 1.1227776422550275,
            "actTime": 22.225,
            "reviewTime": 1.389
        },
        {
            "kind": "normal",
            "trialNumber": 4,
            "oppReceiver": "opp",
            "selfConfig": {
                "scale": 0.47033626876644863,
                "vertexSelf": 0.7443606345925451,
                "vertexOpp": 0.5248071395467871
            },
            "selfLambda": 0.16382403971349643,
            "oppConfig": {
                "scale": 0.4901100546816832,
                "vertexSelf": 0.8619524804760752,
                "vertexOpp": 0.496228346452152
            },
            "oppLambda": 1.027493505633705,
            "actTime": 8.444,
            "reviewTime": 3.932
        },
        {
            "kind": "normal",
            "trialNumber": 5,
            "oppReceiver": "opp",
            "selfConfig": {
                "scale": 0.12574287503756418,
                "vertexSelf": 0.8495128192872504,
                "vertexOpp": 0.49692547300437817
            },
            "selfLambda": 0.20795654611390077,
            "oppConfig": {
                "scale": 0.2541455178947974,
                "vertexSelf": 0.9908449954729246,
                "vertexOpp": 0.3540028391185072
            },
            "oppLambda": 0.9402817893518159,
            "actTime": 6.833,
            "reviewTime": 4.989
        },
        {
            "kind": "memory",
            "trialNumber": 5,
            "selfLambda": 0.10192005434965372,
            "oppLambda": 3.9490408690073604
        },
        {
            "kind": "normal",
            "trialNumber": 6,
            "oppReceiver": "opp",
            "selfConfig": {
                "scale": 0.22064360674405314,
                "vertexSelf": 0.4561283691808923,
                "vertexOpp": 0.6896584423443826
            },
            "selfLambda": 0.12395456356742478,
            "oppConfig": {
                "scale": 0.4718677264186891,
                "vertexSelf": 0.5582937005172108,
                "vertexOpp": 0.49946942732096833
            },
            "oppLambda": 1.0160426414294816,
            "actTime": 24.996,
            "reviewTime": 1.041
        },
        {
            "kind": "normal",
            "trialNumber": 7,
            "oppReceiver": "opp",
            "selfConfig": {
                "scale": 0.14152288937510607,
                "vertexSelf": 0.28507985614817,
                "vertexOpp": 0.5926309481084957
            },
            "selfLambda": 0.2925658925739703,
            "oppConfig": {
                "scale": 0.16182325711492007,
                "vertexSelf": 0.9501482314795654,
                "vertexOpp": 0.37328833807275097
            },
            "oppLambda": 0.818078667412353,
            "actTime": 9.72,
            "reviewTime": 0.843
        },
        {
            "kind": "normal",
            "trialNumber": 8,
            "oppReceiver": "opp",
            "selfConfig": {
                "scale": 0.3858136433763244,
                "vertexSelf": 0.409891886143721,
                "vertexOpp": 0.39482324989632556
            },
            "selfLambda": 0.11323299289877606,
            "oppConfig": {
                "scale": 0.19146772522532363,
                "vertexSelf": 0.8388649691835175,
                "vertexOpp": 0.7251430287735574
            },
            "oppLambda": 1.0498383362073094,
            "actTime": 5.325,
            "reviewTime": 1.932
        },
        {
            "kind": "normal",
            "trialNumber": 9,
            "oppReceiver": "discard",
            "selfConfig": {
                "scale": 0.3927952781218881,
                "vertexSelf": 0.49334354613082887,
                "vertexOpp": 0.596945211557315
            },
            "selfLambda": 0.06647120864133206,
            "oppConfig": {
                "scale": 0.2356415062064353,
                "vertexSelf": 0.6503621498002696,
                "vertexOpp": 0.5971695663557658
            },
            "oppLambda": 0.01808234926402434,
            "actTime": 3.194,
            "reviewTime": 9.015
        },
        {
            "kind": "normal",
            "trialNumber": 10,
            "oppReceiver": "opp",
            "selfConfig": {
                "scale": 0.4411948750339437,
                "vertexSelf": 0.6470953035770541,
                "vertexOpp": 0.4471059955874107
            },
            "selfLambda": 0.11889230464839282,
            "oppConfig": {
                "scale": 0.41790740973938434,
                "vertexSelf": 0.7572231780784313,
                "vertexOpp": 0.47418105141012196
            },
            "oppLambda": 1.1429617432209296,
            "actTime": 3.595,
            "reviewTime": 0.672
        },
        {
            "kind": "normal",
            "trialNumber": 11,
            "oppReceiver": "opp",
            "selfConfig": {
                "scale": 0.44598861058251826,
                "vertexSelf": 0.5402389406982187,
                "vertexOpp": 0.5306541384131845
            },
            "selfLambda": 0.05685882831666101,
            "oppConfig": {
                "scale": 0.1708234694753788,
                "vertexSelf": 0.724848529986365,
                "vertexOpp": 0.6414639317524804
            },
            "oppLambda": 0.9974061480339886,
            "actTime": 8.431,
            "reviewTime": 1.162
        },
        {
            "kind": "normal",
            "trialNumber": 12,
            "oppReceiver": "opp",
            "selfConfig": {
                "scale": 0.3600742691034894,
                "vertexSelf": 0.49782706220970874,
                "vertexOpp": 0.4020775006199192
            },
            "selfLambda": 0.08103420487707436,
            "oppConfig": {
                "scale": 0.17860452269259,