{
    "client": {
        "kind": "mturk",
        "workerId": "AR8O1107OAW4V",
        "assignmentId": "340UGXU9DY1DKHBAW5ZX6G9V8IAVUX",
        "turkSubmitTo": "https:\/\/www.mturk.com\/mturk\/externalSubmit"
    },
    "config": {
        "minOppLambda": 0.75,
        "maxOppLambda": 1.25
    },
    "trials": [
        {
            "kind": "normal",
            "trialNumber": 1,
            "oppReceiver": "opp",
            "selfConfig": {
                "scale": 0.4170136152692344,
                "vertexSelf": 0.7883834370706282,
                "vertexOpp": 0.573099979962947
            },
            "selfLambda": 1.3064595610789147,
            "oppConfig": {
                "scale": 0.3501138187490461,
                "vertexSelf": 0.9866898937683213,
                "vertexOpp": 0.36022869888437264
            },
            "oppLambda": 0.8610534358758271,
            "actTime": 11.36,
            "reviewTime": 2.279
        },
        {
            "kind": "normal",
            "trialNumber": 2,
            "oppReceiver": "opp",
            "selfConfig": {
                "scale": 0.493312820672969,
                "vertexSelf": 0.7292838130815332,
                "vertexOpp": 0.4957926383649603
            },
            "selfLambda": 1.2824743796048672,
            "oppConfig": {
                "scale": 0.3615673540455001,
                "vertexSelf": 0.8362866375617712,
                "vertexOpp": 0.5499507507469115
            },
            "oppLambda": 1.012744998315271,
            "actTime": 6.152,
            "reviewTime": 3.565
        },
        {
            "kind": "normal",
            "trialNumber": 3,
            "oppReceiver": "self",
            "selfConfig": {
                "scale": 0.25014419563875867,
                "vertexSelf": 0.7123830363580993,
                "vertexOpp": 0.29281782656719735
            },
            "selfLambda": 2.1502508521507315,
            "oppConfig": {
                "scale": 0.2787707795358588,
                "vertexSelf": 0.6728038699878798,
                "vertexOpp": 0.37405616027170147
            },
            "oppLambda": 1.0893469344497595,
            "actTime": 11.442,
            "reviewTime": 1.217
        },
        {
            "kind": "normal",
            "trialNumber": 4,
            "oppReceiver": "opp",
            "selfConfig": {
                "scale": 0.1309274442108923,
                "vertexSelf": 0.5843388492978081,
                "vertexOpp": 0.29298082403120423
            },
            "selfLambda": 2.167914986779531,
            "oppConfig": {
                "scale": 0.22644648203869508,
                "vertexSelf": 0.8064100243342921,
                "vertexOpp": 0.6728936577096691
            },
            "oppLambda": 1.1650758226281719,
            "actTime": 5.912,
            "reviewTime": 0.852
        },
        {
            "kind": "normal",
            "trialNumber": 5,
            "oppReceiver": "opp",
            "selfConfig": {
                "scale": 0.14202254202689862,
                "vertexSelf": 0.3454902698884519,
                "vertexOpp": 0.30348096054757157
            },
            "selfLambda": 2.696870424680878,
            "oppConfig": {
                "scale": 0.25685889151439634,
                "vertexSelf": 0.5301807866652033,
                "vertexOpp": 0.3515782158484102
            },
            "oppLambda": 0.8451397640864803,
            "actTime": 10.578,
            "reviewTime": 1.497
        },
        {
            "kind": "memory",
            "trialNumber": 5,
            "selfLambda": 2.837900968215744,
            "oppLambda": 0.9087623669499182
        },
        {
            "kind": "normal",
            "trialNumber": 6,
            "oppReceiver": "opp",
            "selfConfig": {
                "scale": 0.10878080984682255,
                "vertexSelf": 0.5467490440367648,
                "vertexOpp": 0.34238956744772325
            },
            "selfLambda": 3.2966404956140005,
            "oppConfig": {
                "scale": 0.11126595560134973,
                "vertexSelf": 0.1958861334044582,
                "vertexOpp": 0.5274643391912627
            },
            "oppLambda": 1.1026970235981226,
            "actTime": 17.015,
            "reviewTime": 1.004
        },
        {
            "kind": "normal",
            "trialNumber": 7,
            "oppReceiver": "opp",
            "selfConfig": {
                "scale": 0.3588646685771192,
                "vertexSelf": 0.9062284478832384,
                "vertexOpp": 0.5230415472639239
            },
            "selfLambda": 1.4808582297283583,
            "oppConfig": {
                "scale": 0.2988361450218558,
                "vertexSelf": 0.3901927108805201,
                "vertexOpp": 0.6552976351145656
            },
            "oppLambda": 0.9140347578705821,
            "actTime": 5.177,
            "reviewTime": 1.417
        },
        {
            "kind": "normal",
            "trialNumber": 8,
            "oppReceiver": "opp",
            "selfConfig": {
                "scale": 0.47529154059529166,
                "vertexSelf": 0.7656274315753626,
                "vertexOpp": 0.4995575538803626
            },
            "selfLambda": 1.1466923159314917,
            "oppConfig": {
                "scale": 0.16754607468109273,
                "vertexSelf": 0.24970716358654393,
                "vertexOpp": 0.7290167998799242
            },
            "oppLambda": 1.1391389980760485,
            "actTime": 6.462,
            "reviewTime": 6.406
        },
        {
            "kind": "normal",
            "trialNumber": 9,
            "oppReceiver": "discard",
            "selfConfig": {
                "scale": 0.3812379771884865,
                "vertexSelf": 0.5058734303287591,
                "vertexOpp": 0.5078508078511247
            },
            "selfLambda": 1.2284665448374716,
            "oppConfig": {
                "scale": 0.2172297926388138,
                "vertexSelf": 0.6232265070877077,
                "vertexOpp": 0.4585811875736193
            },
            "oppLambda": -0.003985415084249849,
            "actTime": 8.936,
            "reviewTime": 3.147
        },
        {
            "kind": "normal",
            "trialNumber": 10,
            "oppReceiver": "opp",
            "selfConfig": {
                "scale": 0.3774931365753754,
                "vertexSelf": 0.6593969796859377,
                "vertexOpp": 0.4241388135980974
            },
            "selfLambda": 1.312753602689343,
            "oppConfig": {
                "scale": 0.33838981907135335,
                "vertexSelf": 0.3824381057546803,
                "vertexOpp": 0.5879476463118928
            },
            "oppLambda": 0.7583929190727409,
            "actTime": 5.312,
            "reviewTime": 1.263
        },
        {
            "kind": "normal",
            "trialNumber": 11,
            "oppReceiver": "opp",
            "selfConfig": {
                "scale": 0.40428790266383285,
                "vertexSelf": 0.8803676322640934,
                "vertexOpp": 0.507645471207907
            },
            "selfLambda": 1.225499928016193,
            "oppConfig": {
                "scale": 0.17014019085072665,
                "vertexSelf": 0.5414302139453808,
                "vertexOpp": 0.4854726035584195
            },
            "oppLambda": 0.8076906253962751,
            "actTime": 4.574,
            "reviewTime": 2.115
        },
        {
            "kind": "normal",
            "trialNumber": 12,
            "oppReceiver": "opp",
            "selfConfig": {
                "scale": 0.2471258079099415,
                "vertexSelf": 0.3167464534626125,
                "vertexOpp": 0.2832436429986868
            },
            "selfLambda": 0.8221170859796407,
            "oppConfig": {
                "scale": 0.23445855750021868,
                "vertexSelf": 0.8624075117950609,