{
    "client": {
        "kind": "mturk",
        "workerId": "AUZR1WE01VEBT",
        "assignmentId": "30LSNF239UVZEZI8EEQ8L8O9HPS2IM",
        "turkSubmitTo": "https:\/\/www.mturk.com\/mturk\/externalSubmit"
    },
    "config": {
        "minOppLambda": 0.75,
        "maxOppLambda": 1.25
    },
    "trials": [
        {
            "kind": "normal",
            "trialNumber": 1,
            "oppReceiver": "opp",
            "selfConfig": {
                "scale": 0.10853234709247889,
                "vertexSelf": 0.8253846249806736,
                "vertexOpp": 0.5876201760551998
            },
            "selfLambda": 0.16670588730120262,
            "oppConfig": {
                "scale": 0.21914859362595634,
                "vertexSelf": 0.39480079562908843,
                "vertexOpp": 0.28062169455675334
            },
            "oppLambda": 1.13026066290736,
            "actTime": 22.965,
            "reviewTime": 9.139
        },
        {
            "kind": "normal",
            "trialNumber": 2,
            "oppReceiver": "opp",
            "selfConfig": {
                "scale": 0.47974902678644316,
                "vertexSelf": 0.6825326560186926,
                "vertexOpp": 0.5166574559757512
            },
            "selfLambda": 0.40302688263968767,
            "oppConfig": {
                "scale": 0.32615948212060286,
                "vertexSelf": 0.3346011953514074,
                "vertexOpp": 0.5723869415479558
            },
            "oppLambda": 0.8798506828044106,
            "actTime": 12.868,
            "reviewTime": 10.839
        },
        {
            "kind": "normal",
            "trialNumber": 3,
            "oppReceiver": "self",
            "selfConfig": {
                "scale": 0.1829595738198184,
                "vertexSelf": 0.6926060972735941,
                "vertexOpp": 0.3720647066952707
            },
            "selfLambda": 1.7993260099468602,
            "oppConfig": {
                "scale": 0.3249468974779848,
                "vertexSelf": 0.4268489409842707,
                "vertexOpp": 0.5853443511508218
            },
            "oppLambda": 0.8411281352057207,
            "actTime": 20.543,
            "reviewTime": 10.257
        },
        {
            "kind": "normal",
            "trialNumber": 4,
            "oppReceiver": "opp",
            "selfConfig": {
                "scale": 0.31461186802198826,
                "vertexSelf": 0.7883748505086943,
                "vertexOpp": 0.39658861327575073
            },
            "selfLambda": 0.8904816863496441,
            "oppConfig": {
                "scale": 0.44475825528673363,
                "vertexSelf": 0.7686143761208462,
                "vertexOpp": 0.5441689706016652
            },
            "oppLambda": 0.917379626702478,
            "actTime": 26.191,
            "reviewTime": 9.537
        },
        {
            "kind": "normal",
            "trialNumber": 5,
            "oppReceiver": "opp",
            "selfConfig": {
                "scale": 0.21608318629017287,
                "vertexSelf": 0.6405067430367082,
                "vertexOpp": 0.6255374038472183
            },
            "selfLambda": 0.10300905878445493,
            "oppConfig": {
                "scale": 0.1643277695706158,
                "vertexSelf": 0.2793004524888285,
                "vertexOpp": 0.21736022741529382
            },
            "oppLambda": 1.2386357069900358,
            "actTime": 10.024,
            "reviewTime": 1.352
        },
        {
            "kind": "memory",
            "trialNumber": 5,
            "selfLambda": -0.11295715065490108,
            "oppLambda": -0.08957983710879674
        },
        {
            "kind": "normal",
            "trialNumber": 6,
            "oppReceiver": "opp",
            "selfConfig": {
                "scale": 0.16994386726670765,
                "vertexSelf": 0.7221324822004153,
                "vertexOpp": 0.6283353319782602
            },
            "selfLambda": 0.961078141096746,
            "oppConfig": {
                "scale": 0.19253326071255633,
                "vertexSelf": 0.943261514475541,
                "vertexOpp": 0.6910995341112648
            },
            "oppLambda": 0.7795843409772951,
            "actTime": 6.672,
            "reviewTime": 13.697
        },
        {
            "kind": "normal",
            "trialNumber": 7,
            "oppReceiver": "opp",
            "selfConfig": {
                "scale": 0.19835669790774163,
                "vertexSelf": 0.5476854668083373,
                "vertexOpp": 0.22100565941665434
            },
            "selfLambda": 0.3931739234889121,
            "oppConfig": {
                "scale": 0.19206964317617878,
                "vertexSelf": 0.8145137678712802,
                "vertexOpp": 0.7763353543892056
            },
            "oppLambda": 1.097705395399015,
            "actTime": 7.948,
            "reviewTime": 1.403
        },
        {
            "kind": "normal",
            "trialNumber": 8,
            "oppReceiver": "opp",
            "selfConfig": {
                "scale": 0.29702305605080703,
                "vertexSelf": 0.5113465185071904,
                "vertexOpp": 0.6466292722281294
            },
            "selfLambda": 0.17981136858706429,
            "oppConfig": {
                "scale": 0.4913179114535071,
                "vertexSelf": 0.9427492620760178,
                "vertexOpp": 0.5059689953975459
            },
            "oppLambda": 0.9093747983367189,
            "actTime": 8.485,
            "reviewTime": 1.131
        },
        {
            "kind": "normal",
            "trialNumber": 9,
            "oppReceiver": "discard",
            "selfConfig": {
                "scale": 0.1808914871273677,
                "vertexSelf": 0.909298388383893,
                "vertexOpp": 0.23344926043413247
            },
            "selfLambda": -0.40668131321809287,
            "oppConfig": {
                "scale": 0.14924616389324258,
                "vertexSelf": 0.6140663257071313,
                "vertexOpp": 0.5128983481819236
            },
            "oppLambda": -0.09404330170165931,
            "actTime": 18.042,
            "reviewTime": 5.323
        },
        {
            "kind": "normal",
            "trialNumber": 10,
            "oppReceiver": "opp",
            "selfConfig": {
                "scale": 0.3686058580764564,
                "vertexSelf": 0.8027826372720079,
                "vertexOpp": 0.4842223932849816
            },
            "selfLambda": 0.8271397214206239,
            "oppConfig": {
                "scale": 0.13406252067381497,
                "vertexSelf": 0.6889599800013856,
                "vertexOpp": 0.6626373026886165
            },
            "oppLambda": 0.9270795747312208,
            "actTime": 6.413,
            "reviewTime": 3.36
        },
        {
            "kind": "normal",
            "trialNumber": 11,
            "oppReceiver": "opp",
            "selfConfig": {
                "scale": 0.1178524929971915,
                "vertexSelf": 0.763050567476556,
                "vertexOpp": 0.7139000336884922
            },
            "selfLambda": -0.29245655452084873,
            "oppConfig": {
                "scale": 0.12468969585965617,
                "vertexSelf": 0.2626166095965491,
                "vertexOpp": 0.5018090947354117
            },
            "oppLambda": 1.087333322616817,
            "actTime": 3.72,
            "reviewTime": 1.464
        },
        {
            "kind": "normal",
            "trialNumber": 12,
            "oppReceiver": "opp",
            "selfConfig": {
                "scale": 0.22378933715188998,
                "vertexSelf": 0.7156745540150178,
                "vertexOpp": 0.32105608177895706
            },
            "selfLambda": 1.8375369220398363,
            "oppConfig": {
                "scale": 0.22008164346631365,