{
    "client": {
        "kind": "prolific",
        "workerId": "prolific-614e91d01db87cd2ded7b2f9",
        "studyId": "616320ea33cbc90db808ad6b",
        "sessionId": "6165c3adeea63a64aa2e3e46",
        "completionCode": "wa7uhkbd"
    },
    "config": {
        "minOppLambda": 0.75,
        "maxOppLambda": 1.25
    },
    "trials": [
        {
            "kind": "normal",
            "trialNumber": 1,
            "oppReceiver": "opp",
            "selfConfig": {
                "scale": 0.1990081573348988,
                "vertexSelf": 0.7671117234937959,
                "vertexOpp": 0.6338178614643841
            },
            "selfLambda": 0.8568367300599832,
            "oppConfig": {
                "scale": 0.4657428218826273,
                "vertexSelf": 0.896150913646987,
                "vertexOpp": 0.49893735584773985
            },
            "oppLambda": 0.964079767762377,
            "actTime": 32.037,
            "reviewTime": 17.384
        },
        {
            "kind": "normal",
            "trialNumber": 2,
            "oppReceiver": "opp",
            "selfConfig": {
                "scale": 0.38706389234497107,
                "vertexSelf": 0.3881973379219979,
                "vertexOpp": 0.39054337836485076
            },
            "selfLambda": 0.021861237898439474,
            "oppConfig": {
                "scale": 0.1959382174407277,
                "vertexSelf": 0.5729803266578597,
                "vertexOpp": 0.19754086156908288
            },
            "oppLambda": 1.0388493489624846,
            "actTime": 16.367,
            "reviewTime": 0.941
        },
        {
            "kind": "normal",
            "trialNumber": 3,
            "oppReceiver": "self",
            "selfConfig": {
                "scale": 0.10801966462597648,
                "vertexSelf": 0.44402587690505446,
                "vertexOpp": 0.6364713976806685
            },
            "selfLambda": 0.5712817710756072,
            "oppConfig": {
                "scale": 0.4190489770494231,
                "vertexSelf": 0.7409318628598905,
                "vertexOpp": 0.44900567968176613
            },
            "oppLambda": 1.0625024338319529,
            "actTime": 25.098,
            "reviewTime": 5.77
        },
        {
            "kind": "normal",
            "trialNumber": 4,
            "oppReceiver": "opp",
            "selfConfig": {
                "scale": 0.10405619148494641,
                "vertexSelf": 0.7193436686001536,
                "vertexOpp": 0.2790175057986908
            },
            "selfLambda": -0.16230063082495055,
            "oppConfig": {
                "scale": 0.29044017468177624,
                "vertexSelf": 0.5784254841014032,
                "vertexOpp": 0.6199182306377344
            },
            "oppLambda": 0.8580407261693762,
            "actTime": 12.117,
            "reviewTime": 1.732
        },
        {
            "kind": "normal",
            "trialNumber": 5,
            "oppReceiver": "opp",
            "selfConfig": {
                "scale": 0.4200428309104546,
                "vertexSelf": 0.42648651079601896,
                "vertexOpp": 0.4359432193254102
            },
            "selfLambda": -0.09746073176855014,
            "oppConfig": {
                "scale": 0.3601432677021824,
                "vertexSelf": 0.6950856841327138,
                "vertexOpp": 0.4926525635206973
            },
            "oppLambda": 1.2034682686024116,
            "actTime": 8.931,
            "reviewTime": 1.799
        },
        {
            "kind": "memory",
            "trialNumber": 5,
            "selfLambda": -0.06460669771344613,
            "oppLambda": 1.1807742358867515
        },
        {
            "kind": "normal",
            "trialNumber": 6,
            "oppReceiver": "opp",
            "selfConfig": {
                "scale": 0.4953830928718249,
                "vertexSelf": 0.6291628271029603,
                "vertexOpp": 0.5040181146904243
            },
            "selfLambda": 0.1300292728406117,
            "oppConfig": {
                "scale": 0.2319639192521996,
                "vertexSelf": 0.5710419019102624,
                "vertexOpp": 0.5919753119271108
            },
            "oppLambda": 1.2388187287716788,
            "actTime": 14.24,
            "reviewTime": 3.575
        },
        {
            "kind": "normal",
            "trialNumber": 7,
            "oppReceiver": "opp",
            "selfConfig": {
                "scale": 0.10187190854105453,
                "vertexSelf": 0.619441735424157,
                "vertexOpp": 0.3216558926257181
            },
            "selfLambda": -0.3932850883632205,
            "oppConfig": {
                "scale": 0.4850564068650799,
                "vertexSelf": 0.6012128611757227,
                "vertexOpp": 0.4946024711481092
            },
            "oppLambda": 1.028210335886576,
            "actTime": 11.298,
            "reviewTime": 2.636
        },
        {
            "kind": "normal",
            "trialNumber": 8,
            "oppReceiver": "opp",
            "selfConfig": {
                "scale": 0.4470171615715054,
                "vertexSelf": 0.907306214054814,
                "vertexOpp": 0.48719147973490967
            },
            "selfLambda": 0.11133178406407833,
            "oppConfig": {
                "scale": 0.40491521195358515,
                "vertexSelf": 0.9230994841307889,
                "vertexOpp": 0.5909153004898561
            },
            "oppLambda": 1.0648143006613404,
            "actTime": 17.56,
            "reviewTime": 2.342
        },
        {
            "kind": "normal",
            "trialNumber": 9,
            "oppReceiver": "discard",
            "selfConfig": {
                "scale": 0.4261509934980373,
                "vertexSelf": 0.9930898403058994,
                "vertexOpp": 0.49914103180481295
            },
            "selfLambda": -0.2145548172740651,
            "oppConfig": {
                "scale": 0.20921248338206216,
                "vertexSelf": 0.8339178060314218,
                "vertexOpp": 0.42745612587979176
            },
            "oppLambda": -0.07573867541484512,
            "actTime": 31.368,
            "reviewTime": 3.398
        },
        {
            "kind": "normal",
            "trialNumber": 10,
            "oppReceiver": "opp",
            "selfConfig": {
                "scale": 0.30027980190531356,
                "vertexSelf": 0.3360040516258934,
                "vertexOpp": 0.4149826344412286
            },
            "selfLambda": 0.0032752389186901792,
            "oppConfig": {
                "scale": 0.13168789461874697,
                "vertexSelf": 0.3983072659008352,
                "vertexOpp": 0.29482747644465823
            },
            "oppLambda": 1.1072471590598045,
            "actTime": 21.641,
            "reviewTime": 1.437
        },
        {
            "kind": "normal",
            "trialNumber": 11,
            "oppReceiver": "opp",
            "selfConfig": {
                "scale": 0.293385264312772,
                "vertexSelf": 0.3559162466230363,
                "vertexOpp": 0.5782748494369547
            },
            "selfLambda": 0.019092620167513084,
            "oppConfig": {
                "scale": 0.45759431161453923,
                "vertexSelf": 0.6065918905301604,
                "vertexOpp": 0.4609189097456223
            },
            "oppLambda": 0.9548550929698261,
            "actTime": 14.8,
            "reviewTime": 2.478
        },
        {
            "kind": "normal",
            "trialNumber": 12,
            "oppReceiver": "opp",
            "selfConfig": {
                "scale": 0.3273692029191838,
                "vertexSelf": 0.7399318318158756,
                "vertexOpp": 0.42476266166270693
            },
            "selfLambda": -0.20428592825037173,
            "oppConfig": {
                "scale": 0.11476468374119914,