{
    "client": {
        "kind": "prolific",
        "workerId": "prolific-615628f39024e679836b778b",
        "studyId": "616320ea33cbc90db808ad6b",
        "sessionId": "6165c409053c1c815d6fb092",
        "completionCode": "1lqzmtjd"
    },
    "config": {
        "minOppLambda": 0.75,
        "maxOppLambda": 1.25
    },
    "trials": [
        {
            "kind": "normal",
            "trialNumber": 1,
            "oppReceiver": "opp",
            "selfConfig": {
                "scale": 0.2652707369002303,
                "vertexSelf": 0.7966692450364189,
                "vertexOpp": 0.4582931176058157
            },
            "selfLambda": 1.3951046232220647,
            "oppConfig": {
                "scale": 0.4161056090440973,
                "vertexSelf": 0.8775970568677424,
                "vertexOpp": 0.46583830172466917
            },
            "oppLambda": 0.8119260390297103,
            "actTime": 4.529,
            "reviewTime": 2.68
        },
        {
            "kind": "normal",
            "trialNumber": 2,
            "oppReceiver": "opp",
            "selfConfig": {
                "scale": 0.273176491960774,
                "vertexSelf": 0.40699975140719724,
                "vertexOpp": 0.2909512816643973
            },
            "selfLambda": 0.13946088990950162,
            "oppConfig": {
                "scale": 0.4554767978640467,
                "vertexSelf": 0.7675995989120938,
                "vertexOpp": 0.48346391963150814
            },
            "oppLambda": 0.9959244577048975,
            "actTime": 7.386,
            "reviewTime": 2.58
        },
        {
            "kind": "normal",
            "trialNumber": 3,
            "oppReceiver": "self",
            "selfConfig": {
                "scale": 0.11021850077014986,
                "vertexSelf": 0.9495165095799415,
                "vertexOpp": 0.41221022583553324
            },
            "selfLambda": -0.1610780847166816,
            "oppConfig": {
                "scale": 0.48211404809248737,
                "vertexSelf": 0.8693254565108073,
                "vertexOpp": 0.5049790851508578
            },
            "oppLambda": 1.14696863941602,
            "actTime": 6.387,
            "reviewTime": 1.186
        },
        {
            "kind": "normal",
            "trialNumber": 4,
            "oppReceiver": "opp",
            "selfConfig": {
                "scale": 0.28134046211279273,
                "vertexSelf": 0.5345270765137918,
                "vertexOpp": 0.41470237685416156
            },
            "selfLambda": 0.6063658423340587,
            "oppConfig": {
                "scale": 0.23077260396692437,
                "vertexSelf": 0.3505867888574487,
                "vertexOpp": 0.41247040973613747
            },
            "oppLambda": 1.0549688296392543,
            "actTime": 9.38,
            "reviewTime": 2.29
        },
        {
            "kind": "normal",
            "trialNumber": 5,
            "oppReceiver": "opp",
            "selfConfig": {
                "scale": 0.49942267768285364,
                "vertexSelf": 0.8561743251481847,
                "vertexOpp": 0.4994810653591537
            },
            "selfLambda": 1.0299316102375011,
            "oppConfig": {
                "scale": 0.23885540410298348,
                "vertexSelf": 0.7864236726609664,
                "vertexOpp": 0.5846094663185935
            },
            "oppLambda": 0.9122170960436807,
            "actTime": 9.587,
            "reviewTime": 2.077
        },
        {
            "kind": "memory",
            "trialNumber": 5,
            "selfLambda": 0.9898853710623139,
            "oppLambda": 0.9103739345823063
        },
        {
            "kind": "normal",
            "trialNumber": 6,
            "oppReceiver": "opp",
            "selfConfig": {
                "scale": 0.26820854311501235,
                "vertexSelf": 0.8644396374273442,
                "vertexOpp": 0.3252556496378015
            },
            "selfLambda": 2.023880476562445,
            "oppConfig": {
                "scale": 0.1744691790504292,
                "vertexSelf": 0.7992767058370684,
                "vertexOpp": 0.59449110743439
            },
            "oppLambda": 1.2453928542843364,
            "actTime": 7.08,
            "reviewTime": 1.409
        },
        {
            "kind": "normal",
            "trialNumber": 7,
            "oppReceiver": "opp",
            "selfConfig": {
                "scale": 0.37567408335600827,
                "vertexSelf": 0.8078739483752513,
                "vertexOpp": 0.57408940176912
            },
            "selfLambda": 0.7590476490891335,
            "oppConfig": {
                "scale": 0.4167589053095164,
                "vertexSelf": 0.7660196053327911,
                "vertexOpp": 0.4181763289383212
            },
            "oppLambda": 0.8908389107064193,
            "actTime": 7.508,
            "reviewTime": 2.863
        },
        {
            "kind": "normal",
            "trialNumber": 8,
            "oppReceiver": "opp",
            "selfConfig": {
                "scale": 0.34991181612414346,
                "vertexSelf": 0.8474317022876521,
                "vertexOpp": 0.5695415044376488
            },
            "selfLambda": 1.031451281418443,
            "oppConfig": {
                "scale": 0.3660767948138024,
                "vertexSelf": 0.3881020723930358,
                "vertexOpp": 0.5832279554057336
            },
            "oppLambda": 1.2257272724490527,
            "actTime": 3.597,
            "reviewTime": 1.932
        },
        {
            "kind": "normal",
            "trialNumber": 9,
            "oppReceiver": "discard",
            "selfConfig": {
                "scale": 0.47165110271925725,
                "vertexSelf": 0.9944300345013063,
                "vertexOpp": 0.5005551261447762
            },
            "selfLambda": 1.2839075555762294,
            "oppConfig": {
                "scale": 0.12436535066556482,
                "vertexSelf": 0.30836616754754026,
                "vertexOpp": 0.84646003662985
            },
            "oppLambda": 0.05399277274031708,
            "actTime": 5.232,
            "reviewTime": 5.743
        },
        {
            "kind": "normal",
            "trialNumber": 10,
            "oppReceiver": "opp",
            "selfConfig": {
                "scale": 0.4637853625837429,
                "vertexSelf": 0.5380749133264847,
                "vertexOpp": 0.5188262405767952
            },
            "selfLambda": 0.07693397648637575,
            "oppConfig": {
                "scale": 0.4380102741872616,
                "vertexSelf": 0.9336765516350078,
                "vertexOpp": 0.5050580585935077
            },
            "oppLambda": 0.7691761484395899,
            "actTime": 6.04,
            "reviewTime": 3.041
        },
        {
            "kind": "normal",
            "trialNumber": 11,
            "oppReceiver": "opp",
            "selfConfig": {
                "scale": 0.15029588464547247,
                "vertexSelf": 0.2712751396393158,
                "vertexOpp": 0.18004276380917444
            },
            "selfLambda": 0.26557262346739524,
            "oppConfig": {
                "scale": 0.2575723786438283,
                "vertexSelf": 0.5264040255639166,
                "vertexOpp": 0.41028663029937174
            },
            "oppLambda": 0.8410534939149944,
            "actTime": 4.228,
            "reviewTime": 1.981
        },
        {
            "kind": "normal",
            "trialNumber": 12,
            "oppReceiver": "opp",
            "selfConfig": {
                "scale": 0.2464660013532016,
                "vertexSelf": 0.3937656652276125,
                "vertexOpp": 0.5252779363331113
            },
            "selfLambda": -0.7190547108317709,
            "oppConfig": {
                "scale": 0.191340804982576,