{
    "client": {
        "kind": "prolific",
        "workerId": "prolific-614e0468bbbac16be38fa13f",
        "studyId": "616320ea33cbc90db808ad6b",
        "sessionId": "6165c3e1d53ca936727635ac",
        "completionCode": "mvfkbiu3"
    },
    "config": {
        "minOppLambda": 0.75,
        "maxOppLambda": 1.25
    },
    "trials": [
        {
            "kind": "normal",
            "trialNumber": 1,
            "oppReceiver": "opp",
            "selfConfig": {
                "scale": 0.17722255972974282,
                "vertexSelf": 0.7675932822234803,
                "vertexOpp": 0.23190460406390637
            },
            "selfLambda": -0.17196385629997588,
            "oppConfig": {
                "scale": 0.3098892748097247,
                "vertexSelf": 0.7322647766927993,
                "vertexOpp": 0.390435716750614
            },
            "oppLambda": 0.8142200399963098,
            "actTime": 6.391,
            "reviewTime": 1.298
        },
        {
            "kind": "normal",
            "trialNumber": 2,
            "oppReceiver": "opp",
            "selfConfig": {
                "scale": 0.41434008827400115,
                "vertexSelf": 0.8137986911368545,
                "vertexOpp": 0.46721199491376636
            },
            "selfLambda": -0.03481195818540881,
            "oppConfig": {
                "scale": 0.2588198846996471,
                "vertexSelf": 0.9328092835056604,
                "vertexOpp": 0.675638143213017
            },
            "oppLambda": 0.7560082614063444,
            "actTime": 6.197,
            "reviewTime": 1.444
        },
        {
            "kind": "normal",
            "trialNumber": 3,
            "oppReceiver": "self",
            "selfConfig": {
                "scale": 0.3696498342324337,
                "vertexSelf": 0.7544837147551307,
                "vertexOpp": 0.3736515793584371
            },
            "selfLambda": 0.10648863952970285,
            "oppConfig": {
                "scale": 0.20834578608254414,
                "vertexSelf": 0.3998657098511743,
                "vertexOpp": 0.2780950192548878
            },
            "oppLambda": 0.9874958686211895,
            "actTime": 7.787,
            "reviewTime": 1.337
        },
        {
            "kind": "normal",
            "trialNumber": 4,
            "oppReceiver": "opp",
            "selfConfig": {
                "scale": 0.43074843402231966,
                "vertexSelf": 0.7552662852535106,
                "vertexOpp": 0.5178150053425943
            },
            "selfLambda": 0.22682223527963458,
            "oppConfig": {
                "scale": 0.3560602953163551,
                "vertexSelf": 0.44477568168421616,
                "vertexOpp": 0.39378670089364937
            },
            "oppLambda": 0.8278609410537184,
            "actTime": 6.565,
            "reviewTime": 1.155
        },
        {
            "kind": "normal",
            "trialNumber": 5,
            "oppReceiver": "opp",
            "selfConfig": {
                "scale": 0.4795729415595592,
                "vertexSelf": 0.9025727103189398,
                "vertexOpp": 0.49780419504804313
            },
            "selfLambda": 0.13426864679753175,
            "oppConfig": {
                "scale": 0.23356644736932144,
                "vertexSelf": 0.4433367927489925,
                "vertexOpp": 0.5240762801700726
            },
            "oppLambda": 1.1762419253012288,
            "actTime": 6.707,
            "reviewTime": 1.018
        },
        {
            "kind": "memory",
            "trialNumber": 5,
            "selfLambda": 0.2454787020602298,
            "oppLambda": 1.33515512682673
        },
        {
            "kind": "normal",
            "trialNumber": 6,
            "oppReceiver": "opp",
            "selfConfig": {
                "scale": 0.1505832120328454,
                "vertexSelf": 0.8338120598968684,
                "vertexOpp": 0.7335182721361817
            },
            "selfLambda": -0.0024563004116034287,
            "oppConfig": {
                "scale": 0.3652658291545159,
                "vertexSelf": 0.8429539301183321,
                "vertexOpp": 0.6208919859144008
            },
            "oppLambda": 0.9686880935178674,
            "actTime": 20.319,
            "reviewTime": 2.022
        },
        {
            "kind": "normal",
            "trialNumber": 7,
            "oppReceiver": "opp",
            "selfConfig": {
                "scale": 0.262422509996875,
                "vertexSelf": 0.4756233595666467,
                "vertexOpp": 0.6345071636279098
            },
            "selfLambda": 0.37211876150414813,
            "oppConfig": {
                "scale": 0.49564331204712964,
                "vertexSelf": 0.9489843189273433,
                "vertexOpp": 0.500180955312064
            },
            "oppLambda": 0.9394339511230945,
            "actTime": 9.769,
            "reviewTime": 2.013
        },
        {
            "kind": "normal",
            "trialNumber": 8,
            "oppReceiver": "opp",
            "selfConfig": {
                "scale": 0.45319928832118594,
                "vertexSelf": 0.8551332918302482,
                "vertexOpp": 0.5390900952382459
            },
            "selfLambda": -0.010694758946142855,
            "oppConfig": {
                "scale": 0.14754339876860434,
                "vertexSelf": 0.6856161600284759,
                "vertexOpp": 0.3952176300186133
            },
            "oppLambda": 0.9242006506988749,
            "actTime": 6.234,
            "reviewTime": 0.972
        },
        {
            "kind": "normal",
            "trialNumber": 9,
            "oppReceiver": "discard",
            "selfConfig": {
                "scale": 0.30730940387660716,
                "vertexSelf": 0.8281093556447598,
                "vertexOpp": 0.6617164546126724
            },
            "selfLambda": 0.6179453726845232,
            "oppConfig": {
                "scale": 0.3474030242657784,
                "vertexSelf": 0.38009745566723074,
                "vertexOpp": 0.35414075359520003
            },
            "oppLambda": -0.017800980442554695,
            "actTime": 10.398,
            "reviewTime": 1.341
        },
        {
            "kind": "normal",
            "trialNumber": 10,
            "oppReceiver": "opp",
            "selfConfig": {
                "scale": 0.2902097317629993,
                "vertexSelf": 0.5655970513109284,
                "vertexOpp": 0.38461329779883235
            },
            "selfLambda": 0.014150930469216848,
            "oppConfig": {
                "scale": 0.345836888653317,
                "vertexSelf": 0.7906914491091743,
                "vertexOpp": 0.4392116631801331
            },
            "oppLambda": 0.8604574158596783,
            "actTime": 11.386,
            "reviewTime": 1.997
        },
        {
            "kind": "normal",
            "trialNumber": 11,
            "oppReceiver": "opp",
            "selfConfig": {
                "scale": 0.39669468221172,
                "vertexSelf": 0.7559501017066854,
                "vertexOpp": 0.43851896070256746
            },
            "selfLambda": 0.24274439826446834,
            "oppConfig": {
                "scale": 0.24821631526756116,
                "vertexSelf": 0.7402923206520562,
                "vertexOpp": 0.3197237339029214
            },
            "oppLambda": 0.8000768247276577,
            "actTime": 6.196,
            "reviewTime": 1.071
        },
        {
            "kind": "normal",
            "trialNumber": 12,
            "oppReceiver": "opp",
            "selfConfig": {
                "scale": 0.3701731805722669,
                "vertexSelf": 0.8318901198860307,
                "vertexOpp": 0.4528289344693199
            },
            "selfLambda": 0.23684985567877231,
            "oppConfig": {
                "scale": 0.46550258271084166,