{
    "client": {
        "kind": "prolific",
        "workerId": "prolific-61646529370e6a2eb6ed74cc",
        "studyId": "616320ea33cbc90db808ad6b",
        "sessionId": "6165c35bd8b04a917000fed2",
        "completionCode": "24igly8d"
    },
    "config": {
        "minOppLambda": 0.75,
        "maxOppLambda": 1.25
    },
    "trials": [
        {
            "kind": "normal",
            "trialNumber": 1,
            "oppReceiver": "opp",
            "selfConfig": {
                "scale": 0.4141620363845443,
                "vertexSelf": 0.7236490179537567,
                "vertexOpp": 0.43692086180976253
            },
            "selfLambda": 0.9460312517390422,
            "oppConfig": {
                "scale": 0.3506667149486239,
                "vertexSelf": 0.7343042358327222,
                "vertexOpp": 0.5012717585408308
            },
            "oppLambda": 0.9693992128094401,
            "actTime": 17.752,
            "reviewTime": 1.068
        },
        {
            "kind": "normal",
            "trialNumber": 2,
            "oppReceiver": "opp",
            "selfConfig": {
                "scale": 0.267116472440894,
                "vertexSelf": 0.9424959575568251,
                "vertexOpp": 0.3983541403133438
            },
            "selfLambda": 2.013893696399437,
            "oppConfig": {
                "scale": 0.24382200236694385,
                "vertexSelf": 0.4719840994552168,
                "vertexOpp": 0.601501777842774
            },
            "oppLambda": 0.9009321152257622,
            "actTime": 13.565,
            "reviewTime": 0.925
        },
        {
            "kind": "normal",
            "trialNumber": 3,
            "oppReceiver": "self",
            "selfConfig": {
                "scale": 0.31371305422223017,
                "vertexSelf": 0.5561423409504327,
                "vertexOpp": 0.5672885273093689
            },
            "selfLambda": -0.06606743710941337,
            "oppConfig": {
                "scale": 0.11530113175466568,
                "vertexSelf": 0.585864612359688,
                "vertexOpp": 0.8603255001710607
            },
            "oppLambda": 1.072704115753023,
            "actTime": 14.779,
            "reviewTime": 1.619
        },
        {
            "kind": "normal",
            "trialNumber": 4,
            "oppReceiver": "opp",
            "selfConfig": {
                "scale": 0.2512976306519704,
                "vertexSelf": 0.9350294982594696,
                "vertexOpp": 0.7191844936144621
            },
            "selfLambda": 1.097448723241538,
            "oppConfig": {
                "scale": 0.2563543552701941,
                "vertexSelf": 0.4379446070810433,
                "vertexOpp": 0.6666410512765297
            },
            "oppLambda": 1.1302292448578322,
            "actTime": 11.543,
            "reviewTime": 1.358
        },
        {
            "kind": "normal",
            "trialNumber": 5,
            "oppReceiver": "opp",
            "selfConfig": {
                "scale": 0.35687887544430674,
                "vertexSelf": 0.4322842415991287,
                "vertexOpp": 0.5507895787437291
            },
            "selfLambda": 0.18906158413659646,
            "oppConfig": {
                "scale": 0.18217241913015966,
                "vertexSelf": 0.9076361000012149,
                "vertexOpp": 0.3368485817299806
            },
            "oppLambda": 0.785677779256105,
            "actTime": 12.581,
            "reviewTime": 1.194
        },
        {
            "kind": "memory",
            "trialNumber": 5,
            "selfLambda": 0.01505168639834827,
            "oppLambda": -0.5382279280895796
        },
        {
            "kind": "normal",
            "trialNumber": 6,
            "oppReceiver": "opp",
            "selfConfig": {
                "scale": 0.4843914689724035,
                "vertexSelf": 0.5253979634668317,
                "vertexOpp": 0.5003763652624034
            },
            "selfLambda": 0.06254754620259814,
            "oppConfig": {
                "scale": 0.4601611826181323,
                "vertexSelf": 0.9241404928689925,
                "vertexOpp": 0.523098826337885
            },
            "oppLambda": 0.8853206232826064,
            "actTime": 14.464,
            "reviewTime": 1.258
        },
        {
            "kind": "normal",
            "trialNumber": 7,
            "oppReceiver": "opp",
            "selfConfig": {
                "scale": 0.4119351731535832,
                "vertexSelf": 0.4834952521257139,
                "vertexOpp": 0.581041046354144
            },
            "selfLambda": -0.6028441926990802,
            "oppConfig": {
                "scale": 0.3782351182760021,
                "vertexSelf": 0.6309078321629695,
                "vertexOpp": 0.5442329375297994
            },
            "oppLambda": 0.9034552296854723,
            "actTime": 12.026,
            "reviewTime": 1.253
        },
        {
            "kind": "normal",
            "trialNumber": 8,
            "oppReceiver": "opp",
            "selfConfig": {
                "scale": 0.4674855275520591,
                "vertexSelf": 0.8342395179054246,
                "vertexOpp": 0.47811376804556
            },
            "selfLambda": -0.09086520925982955,
            "oppConfig": {
                "scale": 0.44041157967467226,
                "vertexSelf": 0.7151692289291331,
                "vertexOpp": 0.4812454274756061
            },
            "oppLambda": 0.8274432452475009,
            "actTime": 6.229,
            "reviewTime": 1.06
        },
        {
            "kind": "normal",
            "trialNumber": 9,
            "oppReceiver": "discard",
            "selfConfig": {
                "scale": 0.1439360381684673,
                "vertexSelf": 0.38599394249262753,
                "vertexOpp": 0.6470960410704809
            },
            "selfLambda": 0.18522308524539124,
            "oppConfig": {
                "scale": 0.2560522376300335,
                "vertexSelf": 0.8332362650201715,
                "vertexOpp": 0.4617803210784197
            },
            "oppLambda": -0.08524008397523004,
            "actTime": 7.433,
            "reviewTime": 7.183
        },
        {
            "kind": "normal",
            "trialNumber": 10,
            "oppReceiver": "opp",
            "selfConfig": {
                "scale": 0.41872923067987855,
                "vertexSelf": 0.4585851362565389,
                "vertexOpp": 0.42940678067524146
            },
            "selfLambda": 0.14767503832713938,
            "oppConfig": {
                "scale": 0.4235127356492071,
                "vertexSelf": 0.9717678592280725,
                "vertexOpp": 0.544077651256175
            },
            "oppLambda": 0.9661718802779704,
            "actTime": 6.001,
            "reviewTime": 0.969
        },
        {
            "kind": "normal",
            "trialNumber": 11,
            "oppReceiver": "opp",
            "selfConfig": {
                "scale": 0.35098784978119724,
                "vertexSelf": 0.680991200494008,
                "vertexOpp": 0.6080095648674464
            },
            "selfLambda": -0.6646077826325868,
            "oppConfig": {
                "scale": 0.3392274275358645,
                "vertexSelf": 0.5055093345152508,
                "vertexOpp": 0.5178471966765619
            },
            "oppLambda": 0.7598512646119681,
            "actTime": 8.341,
            "reviewTime": 0.984
        },
        {
            "kind": "normal",
            "trialNumber": 12,
            "oppReceiver": "opp",
            "selfConfig": {
                "scale": 0.41182549562374715,
                "vertexSelf": 0.6151876171596509,
                "vertexOpp": 0.416346479188592
            },
            "selfLambda": 0.5989372384762216,
            "oppConfig": {
                "scale": 0.3788701974619877,