{
    "client": {
        "kind": "prolific",
        "workerId": "prolific-612ce742edb88d21e238bfed",
        "studyId": "616320ea33cbc90db808ad6b",
        "sessionId": "6165c2e54119e92300cad271",
        "completionCode": "p8uxb0zq"
    },
    "config": {
        "minOppLambda": 0.75,
        "maxOppLambda": 1.25
    },
    "trials": [
        {
            "kind": "normal",
            "trialNumber": 1,
            "oppReceiver": "opp",
            "selfConfig": {
                "scale": 0.4732600792400814,
                "vertexSelf": 0.7180138132851936,
                "vertexOpp": 0.505812043164656
            },
            "selfLambda": 0.3135187609927646,
            "oppConfig": {
                "scale": 0.16909745952075622,
                "vertexSelf": 0.6282078917657883,
                "vertexOpp": 0.8158225851208805
            },
            "oppLambda": 1.019831389014719,
            "actTime": 6.575,
            "reviewTime": 2.961
        },
        {
            "kind": "normal",
            "trialNumber": 2,
            "oppReceiver": "opp",
            "selfConfig": {
                "scale": 0.40854769260310586,
                "vertexSelf": 0.7773853969150317,
                "vertexOpp": 0.46879234265245234
            },
            "selfLambda": 0.6749484895422277,
            "oppConfig": {
                "scale": 0.3056115762099224,
                "vertexSelf": 0.9546192127767847,
                "vertexOpp": 0.5651780048437719
            },
            "oppLambda": 0.924817747478646,
            "actTime": 4.976,
            "reviewTime": 1.705
        },
        {
            "kind": "normal",
            "trialNumber": 3,
            "oppReceiver": "self",
            "selfConfig": {
                "scale": 0.4987811021456733,
                "vertexSelf": 0.5536244220673979,
                "vertexOpp": 0.4997747029007721
            },
            "selfLambda": 0.3083194749565216,
            "oppConfig": {
                "scale": 0.19736720510203024,
                "vertexSelf": 0.8266328422202509,
                "vertexOpp": 0.611797709982347
            },
            "oppLambda": 0.8970842528849429,
            "actTime": 15.328,
            "reviewTime": 1.899
        },
        {
            "kind": "normal",
            "trialNumber": 4,
            "oppReceiver": "opp",
            "selfConfig": {
                "scale": 0.4009002085027731,
                "vertexSelf": 0.5195502951396237,
                "vertexOpp": 0.4555895325665978
            },
            "selfLambda": 0.3712169056299582,
            "oppConfig": {
                "scale": 0.46638358205976826,
                "vertexSelf": 0.547210657172532,
                "vertexOpp": 0.5257419234737617
            },
            "oppLambda": 1.2258944640443001,
            "actTime": 5.428,
            "reviewTime": 1.268
        },
        {
            "kind": "normal",
            "trialNumber": 5,
            "oppReceiver": "opp",
            "selfConfig": {
                "scale": 0.4929387063733134,
                "vertexSelf": 0.8230435172431021,
                "vertexOpp": 0.5046310219417525
            },
            "selfLambda": 0.22464853070927418,
            "oppConfig": {
                "scale": 0.422785031015234,
                "vertexSelf": 0.934073933251352,
                "vertexOpp": 0.5151657637106999
            },
            "oppLambda": 1.2231586895948408,
            "actTime": 7.113,
            "reviewTime": 1.978
        },
        {
            "kind": "memory",
            "trialNumber": 5,
            "selfLambda": 0.21112419881877334,
            "oppLambda": 1.2843449178132509
        },
        {
            "kind": "normal",
            "trialNumber": 6,
            "oppReceiver": "opp",
            "selfConfig": {
                "scale": 0.16999452869571385,
                "vertexSelf": 0.27062839321342724,
                "vertexOpp": 0.6112587485160501
            },
            "selfLambda": 1.6323025517167487,
            "oppConfig": {
                "scale": 0.4406003202931553,
                "vertexSelf": 0.45408865477560734,
                "vertexOpp": 0.5428714936880595
            },
            "oppLambda": 1.1602653880256493,
            "actTime": 6.488,
            "reviewTime": 0.964
        },
        {
            "kind": "normal",
            "trialNumber": 7,
            "oppReceiver": "opp",
            "selfConfig": {
                "scale": 0.4706647830505297,
                "vertexSelf": 0.7740264436082036,
                "vertexOpp": 0.5206210274672768
            },
            "selfLambda": 0.2098265020496421,
            "oppConfig": {
                "scale": 0.2942311866225449,
                "vertexSelf": 0.3866311091262913,
                "vertexOpp": 0.6550978065048089
            },
            "oppLambda": 1.207261691772668,
            "actTime": 5.193,
            "reviewTime": 1.025
        },
        {
            "kind": "normal",
            "trialNumber": 8,
            "oppReceiver": "opp",
            "selfConfig": {
                "scale": 0.1111208056596162,
                "vertexSelf": 0.7213000352595242,
                "vertexOpp": 0.17498487763618797
            },
            "selfLambda": 0.39023815390421224,
            "oppConfig": {
                "scale": 0.4948175560800515,
                "vertexSelf": 0.8733706566043347,
                "vertexOpp": 0.49916953606255365
            },
            "oppLambda": 1.1724805265899456,
            "actTime": 7.835,
            "reviewTime": 0.943
        },
        {
            "kind": "normal",
            "trialNumber": 9,
            "oppReceiver": "discard",
            "selfConfig": {
                "scale": 0.3031347998137699,
                "vertexSelf": 0.8524527774526953,
                "vertexOpp": 0.43831708962441734
            },
            "selfLambda": 0.23102754108355839,
            "oppConfig": {
                "scale": 0.2798978293393526,
                "vertexSelf": 0.3163827786636752,
                "vertexOpp": 0.3966159546270707
            },
            "oppLambda": 0.08201140536755386,
            "actTime": 5.168,
            "reviewTime": 1.937
        },
        {
            "kind": "normal",
            "trialNumber": 10,
            "oppReceiver": "opp",
            "selfConfig": {
                "scale": 0.13658894184988135,
                "vertexSelf": 0.79875824369759,
                "vertexOpp": 0.4630861804468146
            },
            "selfLambda": 0.2964684053087029,
            "oppConfig": {
                "scale": 0.13176429923519317,
                "vertexSelf": 0.3623484356502503,
                "vertexOpp": 0.47653471984570833
            },
            "oppLambda": 0.8743102577414066,
            "actTime": 4.818,
            "reviewTime": 1.338
        },
        {
            "kind": "normal",
            "trialNumber": 11,
            "oppReceiver": "opp",
            "selfConfig": {
                "scale": 0.12311299517700247,
                "vertexSelf": 0.9877895305772874,
                "vertexOpp": 0.23426214781432358
            },
            "selfLambda": 1.9343398371198472,
            "oppConfig": {
                "scale": 0.4583570116269071,
                "vertexSelf": 0.7631270977791207,
                "vertexOpp": 0.4690442200654757
            },
            "oppLambda": 1.1044428361744862,
            "actTime": 6.517,
            "reviewTime": 0.776
        },
        {
            "kind": "normal",
            "trialNumber": 12,
            "oppReceiver": "opp",
            "selfConfig": {
                "scale": 0.3134441819238195,
                "vertexSelf": 0.4219917439131666,
                "vertexOpp": 0.36840106345110396
            },
            "selfLambda": 0.28670029608748554,
            "oppConfig": {
                "scale": 0.2037953525093088,