{
    "client": {
        "kind": "prolific",
        "workerId": "prolific-615f50989ee2adc834a2a4eb",
        "studyId": "6165e2692d6072aa17503168",
        "sessionId": "616729f7481a81ce2405664a",
        "completionCode": "nby6xk2y"
    },
    "config": {
        "minOppLambda": -0.25,
        "maxOppLambda": 0.25
    },
    "trials": [
        {
            "kind": "normal",
            "trialNumber": 1,
            "oppReceiver": "opp",
            "selfConfig": {
                "scale": 0.20690288824753955,
                "vertexSelf": 0.8293340425075444,
                "vertexOpp": 0.43890695256798323
            },
            "selfLambda": 1.9116186900405456,
            "oppConfig": {
                "scale": 0.40826475190900746,
                "vertexSelf": 0.605971189061676,
                "vertexOpp": 0.4675752690455943
            },
            "oppLambda": 0.234428144086411,
            "actTime": 9.725,
            "reviewTime": 5.213
        },
        {
            "kind": "normal",
            "trialNumber": 2,
            "oppReceiver": "opp",
            "selfConfig": {
                "scale": 0.19727538741802234,
                "vertexSelf": 0.6263611486360217,
                "vertexOpp": 0.7974965530708594
            },
            "selfLambda": 0.09296763996591163,
            "oppConfig": {
                "scale": 0.3866428260566187,
                "vertexSelf": 0.6807724988123689,
                "vertexOpp": 0.5839393917729476
            },
            "oppLambda": -0.004886636171932857,
            "actTime": 21.995,
            "reviewTime": 3.169
        },
        {
            "kind": "normal",
            "trialNumber": 3,
            "oppReceiver": "self",
            "selfConfig": {
                "scale": 0.2762588512113622,
                "vertexSelf": 0.35343638419891943,
                "vertexOpp": 0.5608915778819477
            },
            "selfLambda": 0.16246904200883547,
            "oppConfig": {
                "scale": 0.1371956673153787,
                "vertexSelf": 0.4530320794419319,
                "vertexOpp": 0.38017253945897356
            },
            "oppLambda": 1.1224718463471972,
            "actTime": 22.87,
            "reviewTime": 4.861
        },
        {
            "kind": "normal",
            "trialNumber": 4,
            "oppReceiver": "opp",
            "selfConfig": {
                "scale": 0.15550073263151498,
                "vertexSelf": 0.4370966574539686,
                "vertexOpp": 0.3745803512094633
            },
            "selfLambda": 0.6270450472976018,
            "oppConfig": {
                "scale": 0.24237477167351465,
                "vertexSelf": 0.7430503237448443,
                "vertexOpp": 0.6676612755251965
            },
            "oppLambda": 0.19693312763801607,
            "actTime": 7.135,
            "reviewTime": 3.56
        },
        {
            "kind": "normal",
            "trialNumber": 5,
            "oppReceiver": "opp",
            "selfConfig": {
                "scale": 0.11505111180818749,
                "vertexSelf": 0.23505938239165935,
                "vertexOpp": 0.6748834051102718
            },
            "selfLambda": -0.0269457939619517,
            "oppConfig": {
                "scale": 0.42130915321377815,
                "vertexSelf": 0.8646338709153886,
                "vertexOpp": 0.5200006914295345
            },
            "oppLambda": -0.14221076209883088,
            "actTime": 17.182,
            "reviewTime": 4.992
        },
        {
            "kind": "memory",
            "trialNumber": 5,
            "selfLambda": -0.0269457939619517,
            "oppLambda": -0.20571129030695215
        },
        {
            "kind": "normal",
            "trialNumber": 6,
            "oppReceiver": "opp",
            "selfConfig": {
                "scale": 0.3821371475876578,
                "vertexSelf": 0.739717952650879,
                "vertexOpp": 0.5079560273848742
            },
            "selfLambda": 0.865539019131991,
            "oppConfig": {
                "scale": 0.27411768210930393,
                "vertexSelf": 0.4085995090945727,
                "vertexOpp": 0.37830017976470526
            },
            "oppLambda": -0.07027451159098008,
            "actTime": 13.604,
            "reviewTime": 2.565
        },
        {
            "kind": "normal",
            "trialNumber": 7,
            "oppReceiver": "opp",
            "selfConfig": {
                "scale": 0.23364873193435712,
                "vertexSelf": 0.7190298885672195,
                "vertexOpp": 0.501738363245759
            },
            "selfLambda": 1.154967136383307,
            "oppConfig": {
                "scale": 0.14938379478010938,
                "vertexSelf": 0.4265919552103018,
                "vertexOpp": 0.47380577099384286
            },
            "oppLambda": 0.21012358707160284,
            "actTime": 15.903,
            "reviewTime": 1.489
        },
        {
            "kind": "normal",
            "trialNumber": 8,
            "oppReceiver": "opp",
            "selfConfig": {
                "scale": 0.23039001548092647,
                "vertexSelf": 0.9526090018888937,
                "vertexOpp": 0.26238923595853836
            },
            "selfLambda": 1.6286362379883044,
            "oppConfig": {
                "scale": 0.21754663963212728,
                "vertexSelf": 0.7969054792931713,
                "vertexOpp": 0.4128930695080383
            },
            "oppLambda": -0.0369247477322604,
            "actTime": 23.118,
            "reviewTime": 3.244
        },
        {
            "kind": "normal",
            "trialNumber": 9,
            "oppReceiver": "discard",
            "selfConfig": {
                "scale": 0.48216414842402844,
                "vertexSelf": 0.8033023143162019,
                "vertexOpp": 0.5035443823504044
            },
            "selfLambda": 0.10973697540999995,
            "oppConfig": {
                "scale": 0.4724871594063076,
                "vertexSelf": 0.9986868179192402,
                "vertexOpp": 0.5164859099500292
            },
            "oppLambda": 0.03459180888353092,
            "actTime": 16.208,
            "reviewTime": 1.807
        },
        {
            "kind": "normal",
            "trialNumber": 10,
            "oppReceiver": "opp",
            "selfConfig": {
                "scale": 0.17582074786653534,
                "vertexSelf": 0.26290210974961664,
                "vertexOpp": 0.31924746374819596
            },
            "selfLambda": 0.2360647023018832,
            "oppConfig": {
                "scale": 0.3290635439015698,
                "vertexSelf": 0.8129499530878099,
                "vertexOpp": 0.3995173976837598
            },
            "oppLambda": 0.013791802207791859,
            "actTime": 24.734,
            "reviewTime": 1.326
        },
        {
            "kind": "normal",
            "trialNumber": 11,
            "oppReceiver": "opp",
            "selfConfig": {
                "scale": 0.4806123350385615,
                "vertexSelf": 0.8688460429363327,
                "vertexOpp": 0.48129337463965954
            },
            "selfLambda": 0.896245378345218,
            "oppConfig": {
                "scale": 0.40581571918200976,
                "vertexSelf": 0.6187650262222293,
                "vertexOpp": 0.4354908843648324
            },
            "oppLambda": -0.20660892737543646,
            "actTime": 22.16,
            "reviewTime": 3.374
        },
        {
            "kind": "normal",
            "trialNumber": 12,
            "oppReceiver": "opp",
            "selfConfig": {
                "scale": 0.41932406713162507,
                "vertexSelf": 0.5497915337633282,
                "vertexOpp": 0.5602457659912836
            },
            "selfLambda": -0.03296940576406492,