{
    "client": {
        "kind": "prolific",
        "workerId": "prolific-61085668a8d2c80d7624627c",
        "studyId": "6165e2692d6072aa17503168",
        "sessionId": "61672b11cd66a2b1c6954fc9",
        "completionCode": "omp074ws"
    },
    "config": {
        "minOppLambda": -0.25,
        "maxOppLambda": 0.25
    },
    "trials": [
        {
            "kind": "normal",
            "trialNumber": 1,
            "oppReceiver": "opp",
            "selfConfig": {
                "scale": 0.37484691482426313,
                "vertexSelf": 0.7701359718849003,
                "vertexOpp": 0.5493656653611126
            },
            "selfLambda": -0.21501576830818503,
            "oppConfig": {
                "scale": 0.2509408211756211,
                "vertexSelf": 0.853320780022389,
                "vertexOpp": 0.38310499568477796
            },
            "oppLambda": -0.20732986714018153,
            "actTime": 7.604,
            "reviewTime": 1.229
        },
        {
            "kind": "normal",
            "trialNumber": 2,
            "oppReceiver": "opp",
            "selfConfig": {
                "scale": 0.4788724738548715,
                "vertexSelf": 0.5631070913904976,
                "vertexOpp": 0.4953393039218651
            },
            "selfLambda": -0.21530841745905918,
            "oppConfig": {
                "scale": 0.10498072087243458,
                "vertexSelf": 0.9905668749772124,
                "vertexOpp": 0.486812409602813
            },
            "oppLambda": 0.15384437334771572,
            "actTime": 11.097,
            "reviewTime": 1.307
        },
        {
            "kind": "normal",
            "trialNumber": 3,
            "oppReceiver": "self",
            "selfConfig": {
                "scale": 0.10659147121088922,
                "vertexSelf": 0.8395803813004233,
                "vertexOpp": 0.4846117199501986
            },
            "selfLambda": -0.3577219277856129,
            "oppConfig": {
                "scale": 0.1935869490867459,
                "vertexSelf": 0.3311770592267328,
                "vertexOpp": 0.5158580703543474
            },
            "oppLambda": 1.0450831983066369,
            "actTime": 8.064,
            "reviewTime": 6.386
        },
        {
            "kind": "normal",
            "trialNumber": 4,
            "oppReceiver": "opp",
            "selfConfig": {
                "scale": 0.4001754340393002,
                "vertexSelf": 0.43963862118653374,
                "vertexOpp": 0.5497405087134545
            },
            "selfLambda": -0.1851546708211121,
            "oppConfig": {
                "scale": 0.308627136532606,
                "vertexSelf": 0.9668111332716959,
                "vertexOpp": 0.5898374254699272
            },
            "oppLambda": -0.174304460784508,
            "actTime": 44.577,
            "reviewTime": 1.033
        },
        {
            "kind": "normal",
            "trialNumber": 5,
            "oppReceiver": "opp",
            "selfConfig": {
                "scale": 0.20876771603140407,
                "vertexSelf": 0.5449803839269192,
                "vertexOpp": 0.28533563541938556
            },
            "selfLambda": -0.3929308247374394,
            "oppConfig": {
                "scale": 0.24211798153414385,
                "vertexSelf": 0.27682221957630604,
                "vertexOpp": 0.5648607392194189
            },
            "oppLambda": -0.24724229171964496,
            "actTime": 5.148,
            "reviewTime": 3.609
        },
        {
            "kind": "memory",
            "trialNumber": 5,
            "selfLambda": -0.2192130327527284,
            "oppLambda": -0.5207990376145973
        },
        {
            "kind": "normal",
            "trialNumber": 6,
            "oppReceiver": "opp",
            "selfConfig": {
                "scale": 0.40664335540934926,
                "vertexSelf": 0.646790738761959,
                "vertexOpp": 0.47072633186808455
            },
            "selfLambda": 0.063710216628896,
            "oppConfig": {
                "scale": 0.25115167218935197,
                "vertexSelf": 0.6286374925536473,
                "vertexOpp": 0.7141624923397325
            },
            "oppLambda": 0.018651717968108494,
            "actTime": 8.295,
            "reviewTime": 1.064
        },
        {
            "kind": "normal",
            "trialNumber": 7,
            "oppReceiver": "opp",
            "selfConfig": {
                "scale": 0.25295571040196163,
                "vertexSelf": 0.7524627678784325,
                "vertexOpp": 0.651569299954187
            },
            "selfLambda": 0.13496987293694038,
            "oppConfig": {
                "scale": 0.1403866046083896,
                "vertexSelf": 0.7178914467571119,
                "vertexOpp": 0.6839768862161709
            },
            "oppLambda": 0.0638376945069189,
            "actTime": 7.342,
            "reviewTime": 7.758
        },
        {
            "kind": "normal",
            "trialNumber": 8,
            "oppReceiver": "opp",
            "selfConfig": {
                "scale": 0.24814642004634468,
                "vertexSelf": 0.9725924769149533,
                "vertexOpp": 0.2584745912811409
            },
            "selfLambda": -0.2017727378574748,
            "oppConfig": {
                "scale": 0.11237420821426243,
                "vertexSelf": 0.46889185730850125,
                "vertexOpp": 0.27974149418281546
            },
            "oppLambda": 0.21306244947525899,
            "actTime": 8.001,
            "reviewTime": 2.399
        },
        {
            "kind": "normal",
            "trialNumber": 9,
            "oppReceiver": "discard",
            "selfConfig": {
                "scale": 0.11082013010170577,
                "vertexSelf": 0.17982477548043213,
                "vertexOpp": 0.2750362987820833
            },
            "selfLambda": -0.357990895045484,
            "oppConfig": {
                "scale": 0.11979595002794144,
                "vertexSelf": 0.6234511377609251,
                "vertexOpp": 0.3293891220968356
            },
            "oppLambda": 0.03620942781464076,
            "actTime": 11.766,
            "reviewTime": 1.424
        },
        {
            "kind": "normal",
            "trialNumber": 10,
            "oppReceiver": "opp",
            "selfConfig": {
                "scale": 0.31901223699960124,
                "vertexSelf": 0.7038313070001824,
                "vertexOpp": 0.34946918389892323
            },
            "selfLambda": -0.24995394705798019,
            "oppConfig": {
                "scale": 0.41002913774616867,
                "vertexSelf": 0.8431956200578026,
                "vertexOpp": 0.5383204933372605
            },
            "oppLambda": 0.02237382671378485,
            "actTime": 11.043,
            "reviewTime": 1.292
        },
        {
            "kind": "normal",
            "trialNumber": 11,
            "oppReceiver": "opp",
            "selfConfig": {
                "scale": 0.2563285471156769,
                "vertexSelf": 0.8169605114651772,
                "vertexOpp": 0.7281848739363332
            },
            "selfLambda": -0.4080040338183751,
            "oppConfig": {
                "scale": 0.445689101911139,
                "vertexSelf": 0.9915658630221572,
                "vertexOpp": 0.455689108837317
            },
            "oppLambda": 0.15316499161456776,
            "actTime": 12.231,
            "reviewTime": 0.955
        },
        {
            "kind": "normal",
            "trialNumber": 12,
            "oppReceiver": "opp",
            "selfConfig": {
                "scale": 0.32141632435817213,
                "vertexSelf": 0.36452477255773486,
                "vertexOpp": 0.3561746253406612
            },
            "selfLambda": -0.33494228260796866,