{
    "client": {
        "kind": "prolific",
        "workerId": "prolific-614f7453035a294e6ab0b137",
        "studyId": "6165e2692d6072aa17503168",
        "sessionId": "61673143181355661c205520",
        "completionCode": "lppx29gy"
    },
    "config": {
        "minOppLambda": -0.25,
        "maxOppLambda": 0.25
    },
    "trials": [
        {
            "kind": "normal",
            "trialNumber": 1,
            "oppReceiver": "opp",
            "selfConfig": {
                "scale": 0.45430269032105064,
                "vertexSelf": 0.9321311355897934,
                "vertexOpp": 0.49665446128167057
            },
            "selfLambda": 0.6310574063166069,
            "oppConfig": {
                "scale": 0.10467722797049542,
                "vertexSelf": 0.18141692129744763,
                "vertexOpp": 0.7484964340075388
            },
            "oppLambda": 0.010600718077414806,
            "actTime": 6.328,
            "reviewTime": 4.345
        },
        {
            "kind": "normal",
            "trialNumber": 2,
            "oppReceiver": "opp",
            "selfConfig": {
                "scale": 0.428945019087438,
                "vertexSelf": 0.5429443113881028,
                "vertexOpp": 0.47727004630519265
            },
            "selfLambda": 0.21477478454529356,
            "oppConfig": {
                "scale": 0.18364602655603524,
                "vertexSelf": 0.30323655122413834,
                "vertexOpp": 0.6978844335496918
            },
            "oppLambda": 0.1967961828508955,
            "actTime": 9.089,
            "reviewTime": 1.43
        },
        {
            "kind": "normal",
            "trialNumber": 3,
            "oppReceiver": "self",
            "selfConfig": {
                "scale": 0.44112043782124555,
                "vertexSelf": 0.9028854670799944,
                "vertexOpp": 0.4866630389901406
            },
            "selfLambda": 0.2871640285935942,
            "oppConfig": {
                "scale": 0.4665375877291481,
                "vertexSelf": 0.8090053747151991,
                "vertexOpp": 0.5279138516232212
            },
            "oppLambda": 1.1761562224736708,
            "actTime": 8.171,
            "reviewTime": 4.129
        },
        {
            "kind": "normal",
            "trialNumber": 4,
            "oppReceiver": "opp",
            "selfConfig": {
                "scale": 0.10183452654902539,
                "vertexSelf": 0.6661355507872305,
                "vertexOpp": 0.6905957159631736
            },
            "selfLambda": -0.6008908176824314,
            "oppConfig": {
                "scale": 0.28708326409773555,
                "vertexSelf": 0.3457375665772019,
                "vertexOpp": 0.29259333575666935
            },
            "oppLambda": -0.14285748439893786,
            "actTime": 9.755,
            "reviewTime": 3.603
        },
        {
            "kind": "normal",
            "trialNumber": 5,
            "oppReceiver": "opp",
            "selfConfig": {
                "scale": 0.11759253191270513,
                "vertexSelf": 0.18048370372631212,
                "vertexOpp": 0.21885498877549386
            },
            "selfLambda": -0.7742269802635722,
            "oppConfig": {
                "scale": 0.27380124868389866,
                "vertexSelf": 0.4729030200523698,
                "vertexOpp": 0.6799097716359139
            },
            "oppLambda": 0.12776412874110754,
            "actTime": 11.964,
            "reviewTime": 5.682
        },
        {
            "kind": "memory",
            "trialNumber": 5,
            "selfLambda": -1.000998750825178,
            "oppLambda": -0.6324035315305107
        },
        {
            "kind": "normal",
            "trialNumber": 6,
            "oppReceiver": "opp",
            "selfConfig": {
                "scale": 0.4730799829290113,
                "vertexSelf": 0.48397455368951303,
                "vertexOpp": 0.4819593874230989
            },
            "selfLambda": -0.3042165807886101,
            "oppConfig": {
                "scale": 0.29378263120750103,
                "vertexSelf": 0.6234219928021929,
                "vertexOpp": 0.4946630972297761
            },
            "oppLambda": 0.0005606108972194823,
            "actTime": 9.434,
            "reviewTime": 1.444
        },
        {
            "kind": "normal",
            "trialNumber": 7,
            "oppReceiver": "opp",
            "selfConfig": {
                "scale": 0.46577915672202586,
                "vertexSelf": 0.9933743331663141,
                "vertexOpp": 0.5189080182648264
            },
            "selfLambda": 0.09056644734217356,
            "oppConfig": {
                "scale": 0.4314109292697813,
                "vertexSelf": 0.6927343418475957,
                "vertexOpp": 0.5524723511181083
            },
            "oppLambda": -0.232838653831012,
            "actTime": 6.35,
            "reviewTime": 1.372
        },
        {
            "kind": "normal",
            "trialNumber": 8,
            "oppReceiver": "opp",
            "selfConfig": {
                "scale": 0.4030153512322058,
                "vertexSelf": 0.9360889549622071,
                "vertexOpp": 0.47306354066737405
            },
            "selfLambda": 0.11713263987154256,
            "oppConfig": {
                "scale": 0.24577826962988772,
                "vertexSelf": 0.980917988283101,
                "vertexOpp": 0.31289542870410286
            },
            "oppLambda": 0.1849368230892695,
            "actTime": 9.227,
            "reviewTime": 2.787
        },
        {
            "kind": "normal",
            "trialNumber": 9,
            "oppReceiver": "discard",
            "selfConfig": {
                "scale": 0.2901381424441632,
                "vertexSelf": 0.3301348796094306,
                "vertexOpp": 0.4742466042616069
            },
            "selfLambda": -0.46584662757979806,
            "oppConfig": {
                "scale": 0.33092016837291793,
                "vertexSelf": 0.8873259835565445,
                "vertexOpp": 0.6285229487225947
            },
            "oppLambda": -0.016322413207954245,
            "actTime": 10.953,
            "reviewTime": 2.128
        },
        {
            "kind": "normal",
            "trialNumber": 10,
            "oppReceiver": "opp",
            "selfConfig": {
                "scale": 0.12005054707859256,
                "vertexSelf": 0.839695989521614,
                "vertexOpp": 0.4882070780276492
            },
            "selfLambda": -0.08119487687340873,
            "oppConfig": {
                "scale": 0.35043530708425263,
                "vertexSelf": 0.4768009354177672,
                "vertexOpp": 0.5738238389926031
            },
            "oppLambda": -0.22816911204574164,
            "actTime": 10.181,
            "reviewTime": 7.397
        },
        {
            "kind": "normal",
            "trialNumber": 11,
            "oppReceiver": "opp",
            "selfConfig": {
                "scale": 0.4372351410179496,
                "vertexSelf": 0.5380167313640856,
                "vertexOpp": 0.4805095214219201
            },
            "selfLambda": 0.02816399994937196,
            "oppConfig": {
                "scale": 0.34350528387568324,
                "vertexSelf": 0.4300738101564518,
                "vertexOpp": 0.5685427401123425
            },
            "oppLambda": -0.06853623568302503,
            "actTime": 6.844,
            "reviewTime": 1.884
        },
        {
            "kind": "normal",
            "trialNumber": 12,
            "oppReceiver": "opp",
            "selfConfig": {
                "scale": 0.10092991702656368,
                "vertexSelf": 0.9275926205182179,
                "vertexOpp": 0.2947696503745386
            },
            "selfLambda": 0.30180049828938066,