{
    "client": {
        "kind": "prolific",
        "workerId": "prolific-614e3e91cbf15e541e2b6f09",
        "studyId": "6165e2692d6072aa17503168",
        "sessionId": "61672dc92323338e350abf60",
        "completionCode": "9g52h4ac"
    },
    "config": {
        "minOppLambda": -0.25,
        "maxOppLambda": 0.25
    },
    "trials": [
        {
            "kind": "normal",
            "trialNumber": 1,
            "oppReceiver": "opp",
            "selfConfig": {
                "scale": 0.15214944352653126,
                "vertexSelf": 0.7223112794625389,
                "vertexOpp": 0.4241068909812272
            },
            "selfLambda": 1.8739440957676639,
            "oppConfig": {
                "scale": 0.4844213601570333,
                "vertexSelf": 0.49115041326980996,
                "vertexOpp": 0.5044022933662231
            },
            "oppLambda": -0.0893949408916187,
            "actTime": 16.921,
            "reviewTime": 1.645
        },
        {
            "kind": "normal",
            "trialNumber": 2,
            "oppReceiver": "opp",
            "selfConfig": {
                "scale": 0.1486851793518139,
                "vertexSelf": 0.7269184247727655,
                "vertexOpp": 0.22189706919965005
            },
            "selfLambda": 2.7992424222449737,
            "oppConfig": {
                "scale": 0.11071427792051623,
                "vertexSelf": 0.14175179786582703,
                "vertexOpp": 0.45972785716341347
            },
            "oppLambda": -0.1724684616499368,
            "actTime": 11.533,
            "reviewTime": 5.109
        },
        {
            "kind": "normal",
            "trialNumber": 3,
            "oppReceiver": "self",
            "selfConfig": {
                "scale": 0.15276573963017484,
                "vertexSelf": 0.32068643206095737,
                "vertexOpp": 0.7398135946358458
            },
            "selfLambda": -0.041199394272530394,
            "oppConfig": {
                "scale": 0.13622107467815736,
                "vertexSelf": 0.7379224881177984,
                "vertexOpp": 0.32778076111420795
            },
            "oppLambda": 1.1858201518366789,
            "actTime": 18.676,
            "reviewTime": 1.606
        },
        {
            "kind": "normal",
            "trialNumber": 4,
            "oppReceiver": "opp",
            "selfConfig": {
                "scale": 0.3162427990523633,
                "vertexSelf": 0.46763252277282547,
                "vertexOpp": 0.4138229337384658
            },
            "selfLambda": 0.2709546782192923,
            "oppConfig": {
                "scale": 0.37821105892701945,
                "vertexSelf": 0.578684591136947,
                "vertexOpp": 0.5170243733524864
            },
            "oppLambda": 0.14794141259665183,
            "actTime": 10.98,
            "reviewTime": 3.321
        },
        {
            "kind": "normal",
            "trialNumber": 5,
            "oppReceiver": "opp",
            "selfConfig": {
                "scale": 0.44661162729160553,
                "vertexSelf": 0.9545093734203396,
                "vertexOpp": 0.5283232659709327
            },
            "selfLambda": 1.1718312647431863,
            "oppConfig": {
                "scale": 0.32025235405116914,
                "vertexSelf": 0.4403191426741365,
                "vertexOpp": 0.4910166051690933
            },
            "oppLambda": 0.23345897420449002,
            "actTime": 15.864,
            "reviewTime": 1.188
        },
        {
            "kind": "memory",
            "trialNumber": 5,
            "selfLambda": 1.1867584772456807,
            "oppLambda": 0.2642711451075145
        },
        {
            "kind": "normal",
            "trialNumber": 6,
            "oppReceiver": "opp",
            "selfConfig": {
                "scale": 0.43585216464898435,
                "vertexSelf": 0.5443869419072469,
                "vertexOpp": 0.47752485936440614
            },
            "selfLambda": 0.2866804192008937,
            "oppConfig": {
                "scale": 0.12376787314526272,
                "vertexSelf": 0.8954947206422071,
                "vertexOpp": 0.4653723434697979
            },
            "oppLambda": 0.13587398877228185,
            "actTime": 7.47,
            "reviewTime": 3.354
        },
        {
            "kind": "normal",
            "trialNumber": 7,
            "oppReceiver": "opp",
            "selfConfig": {
                "scale": 0.3660714920495889,
                "vertexSelf": 0.4946981775565742,
                "vertexOpp": 0.5829685194610232
            },
            "selfLambda": -0.6536165133092856,
            "oppConfig": {
                "scale": 0.3220231746571004,
                "vertexSelf": 0.7651968119947605,
                "vertexOpp": 0.39049163787213487
            },
            "oppLambda": 0.24081792988658213,
            "actTime": 11.688,
            "reviewTime": 3.907
        },
        {
            "kind": "normal",
            "trialNumber": 8,
            "oppReceiver": "opp",
            "selfConfig": {
                "scale": 0.14333120665089416,
                "vertexSelf": 0.8152249371772329,
                "vertexOpp": 0.7801269778421166
            },
            "selfLambda": -0.1878210822327701,
            "oppConfig": {
                "scale": 0.16053490842566173,
                "vertexSelf": 0.7770272416680267,
                "vertexOpp": 0.37091912180676556
            },
            "oppLambda": -0.22746819423814524,
            "actTime": 10.333,
            "reviewTime": 1.123
        },
        {
            "kind": "normal",
            "trialNumber": 9,
            "oppReceiver": "discard",
            "selfConfig": {
                "scale": 0.2792414144793745,
                "vertexSelf": 0.945675862288651,
                "vertexOpp": 0.6269775847118464
            },
            "selfLambda": -0.07384949015821066,
            "oppConfig": {
                "scale": 0.4528102764679818,
                "vertexSelf": 0.6011267834426499,
                "vertexOpp": 0.4877716928955208
            },
            "oppLambda": -0.02318865117601368,
            "actTime": 7.772,
            "reviewTime": 1.398
        },
        {
            "kind": "normal",
            "trialNumber": 10,
            "oppReceiver": "opp",
            "selfConfig": {
                "scale": 0.3303213157118676,
                "vertexSelf": 0.510179055232888,
                "vertexOpp": 0.5268153096896149
            },
            "selfLambda": 0.05964711635893872,
            "oppConfig": {
                "scale": 0.2620969160039289,
                "vertexSelf": 0.7502256260869278,
                "vertexOpp": 0.2950277055078976
            },
            "oppLambda": 0.11903536415523575,
            "actTime": 8.588,
            "reviewTime": 0.991
        },
        {
            "kind": "normal",
            "trialNumber": 11,
            "oppReceiver": "opp",
            "selfConfig": {
                "scale": 0.18204019981628347,
                "vertexSelf": 0.9775402019448997,
                "vertexOpp": 0.7621004310785909
            },
            "selfLambda": 0.3065209656940125,
            "oppConfig": {
                "scale": 0.22469260072583552,
                "vertexSelf": 0.6332208843469789,
                "vertexOpp": 0.706695919603957
            },
            "oppLambda": 0.035840389468577594,
            "actTime": 14.256,
            "reviewTime": 1.893
        },
        {
            "kind": "normal",
            "trialNumber": 12,
            "oppReceiver": "opp",
            "selfConfig": {
                "scale": 0.4000922599930721,
                "vertexSelf": 0.5789773030648275,
                "vertexOpp": 0.5682683744324158
            },
            "selfLambda": -0.07465798563231948,