{
    "client": {
        "kind": "prolific",
        "workerId": "prolific-6102d1b1d124e0be2b676a7d",
        "studyId": "6165e2692d6072aa17503168",
        "sessionId": "61672940d350fc7da1d31783",
        "completionCode": "9b9i75o9"
    },
    "config": {
        "minOppLambda": -0.25,
        "maxOppLambda": 0.25
    },
    "trials": [
        {
            "kind": "normal",
            "trialNumber": 1,
            "oppReceiver": "opp",
            "selfConfig": {
                "scale": 0.3422609650541178,
                "vertexSelf": 0.42665369602931064,
                "vertexOpp": 0.5659885825041977
            },
            "selfLambda": -1.1842147943387047,
            "oppConfig": {
                "scale": 0.1973209222995773,
                "vertexSelf": 0.5396683897350664,
                "vertexOpp": 0.720104233724394
            },
            "oppLambda": 0.029369717243876825,
            "actTime": 11.837,
            "reviewTime": 2.694
        },
        {
            "kind": "normal",
            "trialNumber": 2,
            "oppReceiver": "opp",
            "selfConfig": {
                "scale": 0.2635511938064182,
                "vertexSelf": 0.4623237853276484,
                "vertexOpp": 0.6046628755251602
            },
            "selfLambda": -0.642477647719146,
            "oppConfig": {
                "scale": 0.387532819380489,
                "vertexSelf": 0.7969583114160135,
                "vertexOpp": 0.4570994373998125
            },
            "oppLambda": 0.22603869990268,
            "actTime": 7.121,
            "reviewTime": 1.689
        },
        {
            "kind": "normal",
            "trialNumber": 3,
            "oppReceiver": "self",
            "selfConfig": {
                "scale": 0.23458563826297035,
                "vertexSelf": 0.6796225776864355,
                "vertexOpp": 0.679065019260013
            },
            "selfLambda": 1.8552000797484658,
            "oppConfig": {
                "scale": 0.48286779961398507,
                "vertexSelf": 0.6050970270143677,
                "vertexOpp": 0.4846591438871483
            },
            "oppLambda": 1.1292159503926498,
            "actTime": 29.203,
            "reviewTime": 2.107
        },
        {
            "kind": "normal",
            "trialNumber": 4,
            "oppReceiver": "opp",
            "selfConfig": {
                "scale": 0.271894945802335,
                "vertexSelf": 0.5554498204763125,
                "vertexOpp": 0.7068232221353994
            },
            "selfLambda": -1.0064418206204437,
            "oppConfig": {
                "scale": 0.49411618328232854,
                "vertexSelf": 0.9866015600403341,
                "vertexOpp": 0.5040150741241054
            },
            "oppLambda": -0.2155429572406603,
            "actTime": 17.242,
            "reviewTime": 1.378
        },
        {
            "kind": "normal",
            "trialNumber": 5,
            "oppReceiver": "opp",
            "selfConfig": {
                "scale": 0.18001593225735252,
                "vertexSelf": 0.229488888104113,
                "vertexOpp": 0.4914468258044752
            },
            "selfLambda": -0.7567496011827013,
            "oppConfig": {
                "scale": 0.4241316669792109,
                "vertexSelf": 0.887660439025863,
                "vertexOpp": 0.5408705641546003
            },
            "oppLambda": -0.11229429848554195,
            "actTime": 12.778,
            "reviewTime": 1.428
        },
        {
            "kind": "memory",
            "trialNumber": 5,
            "selfLambda": -0.5345470466731613,
            "oppLambda": -0.06697871719458254
        },
        {
            "kind": "normal",
            "trialNumber": 6,
            "oppReceiver": "opp",
            "selfConfig": {
                "scale": 0.3055014417197069,
                "vertexSelf": 0.4719161629431593,
                "vertexOpp": 0.5154692220247314
            },
            "selfLambda": -0.4067796756809214,
            "oppConfig": {
                "scale": 0.46188289241633407,
                "vertexSelf": 0.9711389623087243,
                "vertexOpp": 0.503315026690762
            },
            "oppLambda": 0.13453011157057626,
            "actTime": 9.746,
            "reviewTime": 2.121
        },
        {
            "kind": "normal",
            "trialNumber": 7,
            "oppReceiver": "opp",
            "selfConfig": {
                "scale": 0.11120669402401379,
                "vertexSelf": 0.8262197441318233,
                "vertexOpp": 0.8559320159477983
            },
            "selfLambda": -1.1258078151473065,
            "oppConfig": {
                "scale": 0.22749239974948587,
                "vertexSelf": 0.78866625657964,
                "vertexOpp": 0.4908861181101782
            },
            "oppLambda": 0.08768125965032059,
            "actTime": 8.138,
            "reviewTime": 2.117
        },
        {
            "kind": "normal",
            "trialNumber": 8,
            "oppReceiver": "opp",
            "selfConfig": {
                "scale": 0.2828482501614765,
                "vertexSelf": 0.3144080015478602,
                "vertexOpp": 0.35148261012874327
            },
            "selfLambda": -0.3404601355526984,
            "oppConfig": {
                "scale": 0.10878787761252867,
                "vertexSelf": 0.7609227530083369,
                "vertexOpp": 0.660024944657047
            },
            "oppLambda": -0.057491217368357606,
            "actTime": 14.947,
            "reviewTime": 1.347
        },
        {
            "kind": "normal",
            "trialNumber": 9,
            "oppReceiver": "discard",
            "selfConfig": {
                "scale": 0.44690183547941975,
                "vertexSelf": 0.7894333067675965,
                "vertexOpp": 0.4568917367049182
            },
            "selfLambda": 0.1481679450233828,
            "oppConfig": {
                "scale": 0.33918519607581654,
                "vertexSelf": 0.6613088269956873,
                "vertexOpp": 0.5077738924846719
            },
            "oppLambda": 0.036581714838790136,
            "actTime": 7.736,
            "reviewTime": 1.375
        },
        {
            "kind": "normal",
            "trialNumber": 10,
            "oppReceiver": "opp",
            "selfConfig": {
                "scale": 0.1542712269015395,
                "vertexSelf": 0.6553235757939669,
                "vertexOpp": 0.21509024009642413
            },
            "selfLambda": 0.02043707827965434,
            "oppConfig": {
                "scale": 0.11243946679816351,
                "vertexSelf": 0.9585448805480353,
                "vertexOpp": 0.4163070920747417
            },
            "oppLambda": 0.24558326181207957,
            "actTime": 9.635,
            "reviewTime": 0.946
        },
        {
            "kind": "normal",
            "trialNumber": 11,
            "oppReceiver": "opp",
            "selfConfig": {
                "scale": 0.47321784471972106,
                "vertexSelf": 0.7346048075112134,
                "vertexOpp": 0.49764527525798746
            },
            "selfLambda": 0.23535907910796972,
            "oppConfig": {
                "scale": 0.4551609473228443,
                "vertexSelf": 0.5320906142390932,
                "vertexOpp": 0.5204339811426775
            },
            "oppLambda": 0.07616503363426463,
            "actTime": 11.849,
            "reviewTime": 1.258
        },
        {
            "kind": "normal",
            "trialNumber": 12,
            "oppReceiver": "opp",
            "selfConfig": {
                "scale": 0.2914426557812265,
                "vertexSelf": 0.6802695673575156,
                "vertexOpp": 0.6512861757254842
            },
            "selfLambda": 0.2656702682779322,
            "oppConfig": {
                "scale": 0.4200350575966715,