{
    "client": {
        "kind": "prolific",
        "workerId": "prolific-602eedbe0f39e6b590b22070",
        "studyId": "6165e2692d6072aa17503168",
        "sessionId": "61672bb3edf97d249155c347",
        "completionCode": "g157v2vm"
    },
    "config": {
        "minOppLambda": -0.25,
        "maxOppLambda": 0.25
    },
    "trials": [
        {
            "kind": "normal",
            "trialNumber": 1,
            "oppReceiver": "opp",
            "selfConfig": {
                "scale": 0.2607460062873451,
                "vertexSelf": 0.8227295976013757,
                "vertexOpp": 0.4301224188517521
            },
            "selfLambda": 1.5453951920285023,
            "oppConfig": {
                "scale": 0.47659046221946755,
                "vertexSelf": 0.5393486140646333,
                "vertexOpp": 0.5109820912959859
            },
            "oppLambda": 0.22986204874557103,
            "actTime": 9.056,
            "reviewTime": 2.339
        },
        {
            "kind": "normal",
            "trialNumber": 2,
            "oppReceiver": "opp",
            "selfConfig": {
                "scale": 0.15399717071058738,
                "vertexSelf": 0.7390887625057788,
                "vertexOpp": 0.5544948805276455
            },
            "selfLambda": 1.3074985823357244,
            "oppConfig": {
                "scale": 0.24927589794225957,
                "vertexSelf": 0.4943539436542082,
                "vertexOpp": 0.6500585429337342
            },
            "oppLambda": -0.08704448947575616,
            "actTime": 6.873,
            "reviewTime": 1.697
        },
        {
            "kind": "normal",
            "trialNumber": 3,
            "oppReceiver": "self",
            "selfConfig": {
                "scale": 0.1565225589563812,
                "vertexSelf": 0.8023257040829552,
                "vertexOpp": 0.6165418913896924
            },
            "selfLambda": 0.3931931642732962,
            "oppConfig": {
                "scale": 0.24036890095534238,
                "vertexSelf": 0.7487014342169238,
                "vertexOpp": 0.6591563326940841
            },
            "oppLambda": 0.8238204199864774,
            "actTime": 5.957,
            "reviewTime": 5.419
        },
        {
            "kind": "normal",
            "trialNumber": 4,
            "oppReceiver": "opp",
            "selfConfig": {
                "scale": 0.39685336881217603,
                "vertexSelf": 0.9487613421661969,
                "vertexOpp": 0.4808013010182087
            },
            "selfLambda": 0.7995681667045645,
            "oppConfig": {
                "scale": 0.1812746387733416,
                "vertexSelf": 0.8465270144811691,
                "vertexOpp": 0.7825803974334062
            },
            "oppLambda": -0.03487614929658933,
            "actTime": 7.499,
            "reviewTime": 3.154
        },
        {
            "kind": "normal",
            "trialNumber": 5,
            "oppReceiver": "opp",
            "selfConfig": {
                "scale": 0.2735868864818721,
                "vertexSelf": 0.4652316516411813,
                "vertexOpp": 0.49153157260481056
            },
            "selfLambda": -0.3257795146593849,
            "oppConfig": {
                "scale": 0.4681013023787348,
                "vertexSelf": 0.531704912362575,
                "vertexOpp": 0.5129977106325093
            },
            "oppLambda": 0.06743776989991435,
            "actTime": 13.849,
            "reviewTime": 1.766
        },
        {
            "kind": "memory",
            "trialNumber": 5,
            "selfLambda": -0.3257795146593849,
            "oppLambda": 0.08713239066968015
        },
        {
            "kind": "normal",
            "trialNumber": 6,
            "oppReceiver": "opp",
            "selfConfig": {
                "scale": 0.24788418440434834,
                "vertexSelf": 0.41155746138920646,
                "vertexOpp": 0.7360408777275469
            },
            "selfLambda": -0.018582499517184752,
            "oppConfig": {
                "scale": 0.2753614277288853,
                "vertexSelf": 0.29086560918685345,
                "vertexOpp": 0.40475823343895434
            },
            "oppLambda": 0.026744708753954183,
            "actTime": 15.437,
            "reviewTime": 2.948
        },
        {
            "kind": "normal",
            "trialNumber": 7,
            "oppReceiver": "opp",
            "selfConfig": {
                "scale": 0.18780086350665537,
                "vertexSelf": 0.890727509784308,
                "vertexOpp": 0.2805570912445693
            },
            "selfLambda": 2.1487149953103866,
            "oppConfig": {
                "scale": 0.28947641901533183,
                "vertexSelf": 0.6467798320861973,
                "vertexOpp": 0.5533968037143258
            },
            "oppLambda": 0.20631920020401684,
            "actTime": 7.492,
            "reviewTime": 1.342
        },
        {
            "kind": "normal",
            "trialNumber": 8,
            "oppReceiver": "opp",
            "selfConfig": {
                "scale": 0.49239369455591475,
                "vertexSelf": 0.9454129338107043,
                "vertexOpp": 0.49768977534489445
            },
            "selfLambda": 1.022602083354079,
            "oppConfig": {
                "scale": 0.4879272112872366,
                "vertexSelf": 0.6518985744566647,
                "vertexOpp": 0.49011653873737576
            },
            "oppLambda": 0.17638597555969238,
            "actTime": 9.577,
            "reviewTime": 1.932
        },
        {
            "kind": "normal",
            "trialNumber": 9,
            "oppReceiver": "discard",
            "selfConfig": {
                "scale": 0.2239493264832616,
                "vertexSelf": 0.38264084920214503,
                "vertexOpp": 0.2574709574789462
            },
            "selfLambda": -0.7283886946826781,
            "oppConfig": {
                "scale": 0.12936459353162208,
                "vertexSelf": 0.7575954989307824,
                "vertexOpp": 0.5438045464882842
            },
            "oppLambda": -0.019582526249493123,
            "actTime": 8.27,
            "reviewTime": 2.749
        },
        {
            "kind": "normal",
            "trialNumber": 10,
            "oppReceiver": "opp",
            "selfConfig": {
                "scale": 0.21205325940995065,
                "vertexSelf": 0.31178455304585523,
                "vertexOpp": 0.496795681547769
            },
            "selfLambda": -0.9516227872252374,
            "oppConfig": {
                "scale": 0.4441635852143023,
                "vertexSelf": 0.6496781479115818,
                "vertexOpp": 0.49468916157107956
            },
            "oppLambda": 0.09513000346535527,
            "actTime": 12.332,
            "reviewTime": 1.108
        },
        {
            "kind": "normal",
            "trialNumber": 11,
            "oppReceiver": "opp",
            "selfConfig": {
                "scale": 0.2647650510385281,
                "vertexSelf": 0.5152785931299957,
                "vertexOpp": 0.6300713464409189
            },
            "selfLambda": -0.37421753026444465,
            "oppConfig": {
                "scale": 0.22252864233768835,
                "vertexSelf": 0.35162954773277366,
                "vertexOpp": 0.4586544078056245
            },
            "oppLambda": -0.16545263371629693,
            "actTime": 8.148,
            "reviewTime": 1.142
        },
        {
            "kind": "normal",
            "trialNumber": 12,
            "oppReceiver": "opp",
            "selfConfig": {
                "scale": 0.22462092727326155,
                "vertexSelf": 0.3319380672172996,
                "vertexOpp": 0.7498402091219215
            },
            "selfLambda": -1.0178180129733077,