{
    "client": {
        "kind": "prolific",
        "workerId": "prolific-5b5c0a482696a70001ee5958",
        "studyId": "6165e2692d6072aa17503168",
        "sessionId": "61672cfc392b5df0ec84b6ec",
        "completionCode": "irxyr0ul"
    },
    "config": {
        "minOppLambda": -0.25,
        "maxOppLambda": 0.25
    },
    "trials": [
        {
            "kind": "normal",
            "trialNumber": 1,
            "oppReceiver": "opp",
            "selfConfig": {
                "scale": 0.11255745138439065,
                "vertexSelf": 0.9300404568723231,
                "vertexOpp": 0.622179964162167
            },
            "selfLambda": 0.13895189952599526,
            "oppConfig": {
                "scale": 0.3984098429730957,
                "vertexSelf": 0.6918519267841545,
                "vertexOpp": 0.5523109974039975
            },
            "oppLambda": 0.06078337325998817,
            "actTime": 10.134,
            "reviewTime": 2.999
        },
        {
            "kind": "normal",
            "trialNumber": 2,
            "oppReceiver": "opp",
            "selfConfig": {
                "scale": 0.23787311147179208,
                "vertexSelf": 0.39247390952749933,
                "vertexOpp": 0.7602964818399818
            },
            "selfLambda": 1.2306576722442377,
            "oppConfig": {
                "scale": 0.46026011302895153,
                "vertexSelf": 0.9605285556448598,
                "vertexOpp": 0.4765713417793539
            },
            "oppLambda": -0.20376802645743597,
            "actTime": 18.02,
            "reviewTime": 1.457
        },
        {
            "kind": "normal",
            "trialNumber": 3,
            "oppReceiver": "self",
            "selfConfig": {
                "scale": 0.4671489338545133,
                "vertexSelf": 0.8296213134044961,
                "vertexOpp": 0.51448646584596
            },
            "selfLambda": 1.2366371688106241,
            "oppConfig": {
                "scale": 0.35229705407795264,
                "vertexSelf": 0.848059798369854,
                "vertexOpp": 0.43203150108496347
            },
            "oppLambda": 0.9932400698361089,
            "actTime": 10.85,
            "reviewTime": 1.644
        },
        {
            "kind": "normal",
            "trialNumber": 4,
            "oppReceiver": "opp",
            "selfConfig": {
                "scale": 0.30941729439274,
                "vertexSelf": 0.33207696790815344,
                "vertexOpp": 0.5321871543038931
            },
            "selfLambda": 0.6968766623578659,
            "oppConfig": {
                "scale": 0.12666166069117635,
                "vertexSelf": 0.4120342472260483,
                "vertexOpp": 0.2639274732128194
            },
            "oppLambda": 0.24616506756879686,
            "actTime": 13.089,
            "reviewTime": 1.621
        },
        {
            "kind": "normal",
            "trialNumber": 5,
            "oppReceiver": "opp",
            "selfConfig": {
                "scale": 0.2838589975749695,
                "vertexSelf": 0.6638548068329647,
                "vertexOpp": 0.3864243735677671
            },
            "selfLambda": 0.26005136409895396,
            "oppConfig": {
                "scale": 0.31477704981688237,
                "vertexSelf": 0.46323465252818347,
                "vertexOpp": 0.667263203840802
            },
            "oppLambda": 0.04234798655555294,
            "actTime": 10.898,
            "reviewTime": 0.893
        },
        {
            "kind": "memory",
            "trialNumber": 5,
            "selfLambda": 0.30702304175314515,
            "oppLambda": -0.08850626508871699
        },
        {
            "kind": "normal",
            "trialNumber": 6,
            "oppReceiver": "opp",
            "selfConfig": {
                "scale": 0.3624635763570835,
                "vertexSelf": 0.5158183949378893,
                "vertexOpp": 0.5050824164088561
            },
            "selfLambda": 0.027134222095184117,
            "oppConfig": {
                "scale": 0.3627072842904445,
                "vertexSelf": 0.6998327788125087,
                "vertexOpp": 0.5213123059246785
            },
            "oppLambda": 0.03420940162417929,
            "actTime": 13.251,
            "reviewTime": 0.986
        },
        {
            "kind": "normal",
            "trialNumber": 7,
            "oppReceiver": "opp",
            "selfConfig": {
                "scale": 0.12728916257408793,
                "vertexSelf": 0.29036851288739496,
                "vertexOpp": 0.5166967267783807
            },
            "selfLambda": -0.00047231219227369844,
            "oppConfig": {
                "scale": 0.2615996742633766,
                "vertexSelf": 0.9382357256002037,
                "vertexOpp": 0.7319356459803465
            },
            "oppLambda": 0.10534659866125828,
            "actTime": 12.268,
            "reviewTime": 2.123
        },
        {
            "kind": "normal",
            "trialNumber": 8,
            "oppReceiver": "opp",
            "selfConfig": {
                "scale": 0.4148904527488506,
                "vertexSelf": 0.8301976847504684,
                "vertexOpp": 0.5574789855440433
            },
            "selfLambda": 0.22104315722611975,
            "oppConfig": {
                "scale": 0.41499517752965587,
                "vertexSelf": 0.9438255433275147,
                "vertexOpp": 0.4898771613950161
            },
            "oppLambda": -0.20948013591580583,
            "actTime": 10.588,
            "reviewTime": 7.308
        },
        {
            "kind": "normal",
            "trialNumber": 9,
            "oppReceiver": "discard",
            "selfConfig": {
                "scale": 0.4631963921135748,
                "vertexSelf": 0.9523074584892155,
                "vertexOpp": 0.4890122636206626
            },
            "selfLambda": -0.1972335323204713,
            "oppConfig": {
                "scale": 0.1394910174990187,
                "vertexSelf": 0.153436578602503,
                "vertexOpp": 0.4437305900324354
            },
            "oppLambda": -0.04916798684718318,
            "actTime": 11.827,
            "reviewTime": 3.478
        },
        {
            "kind": "normal",
            "trialNumber": 10,
            "oppReceiver": "opp",
            "selfConfig": {
                "scale": 0.2536738221225062,
                "vertexSelf": 0.9016111465644068,
                "vertexOpp": 0.3065563869620121
            },
            "selfLambda": 0.10599133111571435,
            "oppConfig": {
                "scale": 0.45040803653546924,
                "vertexSelf": 0.9198734998660367,
                "vertexOpp": 0.48093643436761
            },
            "oppLambda": -0.09674716878948708,
            "actTime": 8.224,
            "reviewTime": 1.089
        },
        {
            "kind": "normal",
            "trialNumber": 11,
            "oppReceiver": "opp",
            "selfConfig": {
                "scale": 0.13754758184666027,
                "vertexSelf": 0.9899322487635519,
                "vertexOpp": 0.7664648147739095
            },
            "selfLambda": 0.0029350118707613354,
            "oppConfig": {
                "scale": 0.2892855812304152,
                "vertexSelf": 0.7452501396294116,
                "vertexOpp": 0.376507035599149
            },
            "oppLambda": 0.1922461657457054,
            "actTime": 7.132,
            "reviewTime": 3.129
        },
        {
            "kind": "normal",
            "trialNumber": 12,
            "oppReceiver": "opp",
            "selfConfig": {
                "scale": 0.3250383481484327,
                "vertexSelf": 0.9984582396080403,
                "vertexOpp": 0.606467287041976
            },
            "selfLambda": 0.1037788087924638,
            "oppConfig": {
                "scale": 0.14950910455531707,